customer_id,first_name,last_name,email,region,customer_segment,created_at
1,Johnny,Scott,johnny.scott1@example.com,Southwest,New,2023-03-12
2,Beth,Martinez,beth.martinez2@example.com,Southeast,New,2025-08-01
3,Heidi,Hart,heidi.hart3@example.com,Southwest,Returning,2024-01-15
4,Angela,Foster,angela.foster4@example.com,Southeast,New,2024-08-02
5,Donna,Martinez,donna.martinez5@example.com,West,High Value,2024-04-14
6,Kristina,Simmons,kristina.simmons6@example.com,Southwest,Returning,2024-09-08
7,William,Keller,william.keller7@example.com,West,New,2025-03-30
8,Brad,Rodriguez,brad.rodriguez8@example.com,Northeast,New,2024-09-07
9,Kaylee,Bradley,kaylee.bradley9@example.com,Southeast,New,2024-10-13
10,Linda,Weiss,linda.weiss10@example.com,Southeast,New,2023-10-17
11,Michelle,Cordova,michelle.cordova11@example.com,Northeast,Returning,2023-04-22
12,Sharon,Carey,sharon.carey12@example.com,Northeast,Returning,2024-01-04
13,Lisa,Chang,lisa.chang13@example.com,Southwest,New,2025-10-25
14,Kimberly,Rodriguez,kimberly.rodriguez14@example.com,Northeast,Returning,2025-01-28
15,Gabriella,Humphrey,gabriella.humphrey15@example.com,Northeast,New,2023-06-24
16,Sean,Rush,sean.rush16@example.com,Southwest,High Value,2025-05-07
17,Gabriel,Powell,gabriel.powell17@example.com,West,New,2023-03-28
18,Sandra,White,sandra.white18@example.com,Southeast,Loyal,2024-05-09
19,Andrew,Mcneil,andrew.mcneil19@example.com,Northeast,New,2025-03-12
20,Robert,Johnson,robert.johnson20@example.com,Northeast,Returning,2025-05-19
21,Elizabeth,Clay,elizabeth.clay21@example.com,Southeast,New,2025-05-20
22,Juan,Parker,juan.parker22@example.com,West,Returning,2024-04-26
23,Kari,Torres,kari.torres23@example.com,Midwest,Returning,2024-02-16
24,Heidi,Duffy,heidi.duffy24@example.com,Southwest,Loyal,2024-04-18
25,John,Gutierrez,john.gutierrez25@example.com,West,High Value,2023-11-19
26,Jim,Smith,jim.smith26@example.com,Southeast,Loyal,2024-04-29
27,William,White,william.white27@example.com,West,Returning,2024-08-22
28,Mallory,Hurley,mallory.hurley28@example.com,Northeast,Returning,2025-04-01
29,Nicole,Mclaughlin,nicole.mclaughlin29@example.com,Southwest,New,2024-11-07
30,Bradley,Mcconnell,bradley.mcconnell30@example.com,Southeast,New,2024-10-06
31,Jessica,Nash,jessica.nash31@example.com,West,Returning,2024-02-09
32,Jessica,Wells,jessica.wells32@example.com,Midwest,Loyal,2025-06-13
33,Billy,Gonzalez,billy.gonzalez33@example.com,Southwest,Returning,2024-04-01
34,Melissa,Gonzales,melissa.gonzales34@example.com,West,Returning,2024-03-29
35,Karen,Williams,karen.williams35@example.com,Northeast,Returning,2025-11-27
36,Lisa,Hardin,lisa.hardin36@example.com,Northeast,Returning,2024-09-13
37,Jamie,Wilson,jamie.wilson37@example.com,West,Returning,2024-05-23
38,Kimberly,Nolan,kimberly.nolan38@example.com,Midwest,Loyal,2025-11-17
39,John,Barnes,john.barnes39@example.com,West,High Value,2024-05-03
40,Corey,Simpson,corey.simpson40@example.com,West,Returning,2025-04-07
41,Lindsey,Santos,lindsey.santos41@example.com,Northeast,Returning,2025-06-06
42,Brandy,Pacheco,brandy.pacheco42@example.com,Midwest,Loyal,2024-07-24
43,Kenneth,Howard,kenneth.howard43@example.com,Northeast,Returning,2025-05-26
44,Danielle,Maldonado,danielle.maldonado44@example.com,West,New,2024-04-18
45,Richard,Martinez,richard.martinez45@example.com,Northeast,Loyal,2025-11-26
46,Timothy,Werner,timothy.werner46@example.com,Midwest,New,2023-02-23
47,Javier,Morgan,javier.morgan47@example.com,Midwest,New,2024-11-18
48,Yvonne,Craig,yvonne.craig48@example.com,Southeast,New,2025-05-21
49,Donna,Morrison,donna.morrison49@example.com,Midwest,New,2023-09-11
50,John,Barnett,john.barnett50@example.com,Southeast,Returning,2025-09-01
51,Amber,Ortiz,amber.ortiz51@example.com,West,New,2023-05-31
52,Adam,Johnson,adam.johnson52@example.com,Southwest,Returning,2024-05-31
53,Stacy,Torres,stacy.torres53@example.com,West,New,2023-09-25
54,Alexandra,Lewis,alexandra.lewis54@example.com,Midwest,Returning,2025-08-04
55,Jennifer,Tucker,jennifer.tucker55@example.com,Southeast,Returning,2023-11-04
56,Catherine,White,catherine.white56@example.com,Northeast,Returning,2025-05-25
57,Richard,Owen,richard.owen57@example.com,West,Returning,2024-04-14
58,Samuel,Mason,samuel.mason58@example.com,Midwest,Returning,2025-02-18
59,Natalie,Hernandez,natalie.hernandez59@example.com,West,New,2023-11-18
60,Nathan,Brown,nathan.brown60@example.com,Southeast,Loyal,2025-06-09
61,Reginald,Ross,reginald.ross61@example.com,Midwest,Loyal,2023-09-04
62,Erika,Rice,erika.rice62@example.com,Northeast,New,2025-04-15
63,Andrea,Bowman,andrea.bowman63@example.com,Southeast,Returning,2023-11-06
64,Vincent,Rodgers,vincent.rodgers64@example.com,Midwest,Loyal,2024-02-29
65,Kristin,Maynard,kristin.maynard65@example.com,Southeast,Loyal,2023-06-19
66,Shannon,Peterson,shannon.peterson66@example.com,Northeast,Loyal,2025-04-19
67,Stacey,Berry,stacey.berry67@example.com,Midwest,Loyal,2024-03-13
68,Anita,Conner,anita.conner68@example.com,West,Returning,2025-05-27
69,Lori,Gordon,lori.gordon69@example.com,Midwest,Loyal,2024-03-01
70,Michael,Wells,michael.wells70@example.com,Midwest,New,2025-05-31
71,Cynthia,Ball,cynthia.ball71@example.com,West,New,2023-10-14
72,Marilyn,Valdez,marilyn.valdez72@example.com,Midwest,Loyal,2025-12-29
73,Charles,Hancock,charles.hancock73@example.com,West,High Value,2023-09-19
74,Benjamin,Jones,benjamin.jones74@example.com,Southwest,New,2023-11-11
75,Tiffany,Brewer,tiffany.brewer75@example.com,Midwest,New,2024-04-27
76,Ronald,Contreras,ronald.contreras76@example.com,Southwest,New,2023-01-05
77,Megan,Larson,megan.larson77@example.com,Southeast,New,2023-10-04
78,Taylor,Hamilton,taylor.hamilton78@example.com,Southeast,New,2024-12-20
79,Judy,Cunningham,judy.cunningham79@example.com,Southwest,Loyal,2025-10-01
80,Gregory,Cooley,gregory.cooley80@example.com,Midwest,Returning,2025-01-31
81,Kimberly,Johnson,kimberly.johnson81@example.com,Northeast,New,2023-11-08
82,Olivia,Fields,olivia.fields82@example.com,Midwest,New,2024-11-12
83,Casey,Banks,casey.banks83@example.com,Midwest,Loyal,2024-03-17
84,Debra,Kline,debra.kline84@example.com,Southeast,Loyal,2024-09-06
85,Natalie,Kerr,natalie.kerr85@example.com,Southwest,Returning,2023-06-06
86,Scott,Luna,scott.luna86@example.com,Southeast,High Value,2023-04-27
87,Christina,Reed,christina.reed87@example.com,Midwest,Returning,2024-06-01
88,Zachary,Murphy,zachary.murphy88@example.com,Southeast,Loyal,2023-03-09
89,Daniel,Bright,daniel.bright89@example.com,Southeast,Loyal,2024-07-07
90,Troy,Stewart,troy.stewart90@example.com,Southwest,New,2023-10-31
91,Nancy,Reed,nancy.reed91@example.com,West,New,2024-04-25
92,Katherine,Glover,katherine.glover92@example.com,Southwest,Returning,2025-04-08
93,Roy,Wilson,roy.wilson93@example.com,Southeast,New,2024-04-16
94,Corey,Raymond,corey.raymond94@example.com,Southwest,New,2023-11-22
95,Zachary,Young,zachary.young95@example.com,Southeast,New,2025-04-15
96,Natalie,Holland,natalie.holland96@example.com,West,New,2023-04-01
97,Darryl,Johnson,darryl.johnson97@example.com,Midwest,Loyal,2024-08-10
98,Amy,White,amy.white98@example.com,Southeast,High Value,2023-08-22
99,Kevin,Murray,kevin.murray99@example.com,West,Returning,2024-03-05
100,James,Morgan,james.morgan100@example.com,Southeast,New,2024-04-05
101,Stacy,Ray,stacy.ray101@example.com,Northeast,Returning,2023-04-28
102,Jacob,Knight,jacob.knight102@example.com,West,Returning,2024-01-30
103,Meagan,Duke,meagan.duke103@example.com,Southeast,New,2025-10-10
104,James,Sanchez,james.sanchez104@example.com,Southwest,New,2025-08-20
105,Dana,Garcia,dana.garcia105@example.com,Midwest,New,2025-08-19
106,Dennis,Richardson,dennis.richardson106@example.com,Northeast,New,2025-03-19
107,Sean,Hines,sean.hines107@example.com,Midwest,Returning,2023-04-10
108,Debra,Hayes,debra.hayes108@example.com,Southwest,New,2023-04-14
109,Michael,Vazquez,michael.vazquez109@example.com,West,Returning,2024-01-19
110,Vincent,Solis,vincent.solis110@example.com,Southwest,Returning,2023-02-12
111,Jon,Smith,jon.smith111@example.com,Northeast,Returning,2023-09-18
112,Joseph,White,joseph.white112@example.com,West,New,2024-04-09
113,Dustin,Collins,dustin.collins113@example.com,Northeast,New,2023-02-12
114,Toni,Oliver,toni.oliver114@example.com,Southwest,New,2025-08-26
115,Colleen,Bennett,colleen.bennett115@example.com,Midwest,Returning,2024-08-13
116,Joshua,Brown,joshua.brown116@example.com,Northeast,New,2023-06-17
117,David,Brown,david.brown117@example.com,Southwest,Returning,2025-08-24
118,Amanda,Smith,amanda.smith118@example.com,Southwest,Loyal,2025-08-08
119,Krista,Roberts,krista.roberts119@example.com,West,Loyal,2025-08-31
120,Aaron,Richardson,aaron.richardson120@example.com,West,Loyal,2025-07-01
121,Debra,Ramsey,debra.ramsey121@example.com,West,High Value,2024-10-06
122,Erica,Johnson,erica.johnson122@example.com,Northeast,Returning,2024-11-30
123,Nicholas,Wilson,nicholas.wilson123@example.com,West,Returning,2025-03-02
124,Justin,Wood,justin.wood124@example.com,Southwest,High Value,2025-05-26
125,Phyllis,Crawford,phyllis.crawford125@example.com,Southeast,Loyal,2023-04-21
126,Michelle,Pierce,michelle.pierce126@example.com,Midwest,High Value,2025-10-23
127,Joseph,Wolfe,joseph.wolfe127@example.com,Midwest,Returning,2025-09-17
128,Christopher,Cooper,christopher.cooper128@example.com,Southwest,New,2025-12-04
129,Tara,Olsen,tara.olsen129@example.com,Southwest,Loyal,2025-05-20
130,Sonya,Newman,sonya.newman130@example.com,Southwest,New,2023-08-20
131,Cynthia,King,cynthia.king131@example.com,West,Returning,2023-01-16
132,Brittany,Strickland,brittany.strickland132@example.com,Northeast,New,2025-02-24
133,Courtney,Jackson,courtney.jackson133@example.com,West,New,2024-09-27
134,Frank,Baker,frank.baker134@example.com,West,Returning,2023-04-04
135,Kara,Stark,kara.stark135@example.com,Midwest,Loyal,2024-11-22
136,Maria,Munoz,maria.munoz136@example.com,Southeast,New,2024-01-12
137,Kyle,Garcia,kyle.garcia137@example.com,Southeast,High Value,2023-09-17
138,Kimberly,Becker,kimberly.becker138@example.com,Northeast,New,2025-12-19
139,Patrick,Wilkinson,patrick.wilkinson139@example.com,Northeast,New,2025-05-30
140,Emma,Stephens,emma.stephens140@example.com,Midwest,Returning,2025-05-15
141,Tyler,Smith,tyler.smith141@example.com,Southeast,Returning,2023-11-17
142,Christopher,Hill,christopher.hill142@example.com,Southwest,High Value,2025-10-27
143,Logan,Ramirez,logan.ramirez143@example.com,Southwest,Loyal,2024-05-29
144,Riley,Castro,riley.castro144@example.com,Southeast,Loyal,2024-06-22
145,Andrea,Mann,andrea.mann145@example.com,Northeast,Loyal,2023-04-25
146,Steven,Williams,steven.williams146@example.com,Southwest,Loyal,2023-04-04
147,Douglas,Sampson,douglas.sampson147@example.com,West,New,2024-01-26
148,Heather,Morton,heather.morton148@example.com,Southwest,High Value,2025-10-13
149,Thomas,Brown,thomas.brown149@example.com,Northeast,New,2024-11-11
150,Amber,Rodriguez,amber.rodriguez150@example.com,Northeast,New,2023-08-31
151,Anna,Avery,anna.avery151@example.com,Northeast,New,2023-04-21
152,John,Ruiz,john.ruiz152@example.com,Northeast,Returning,2024-12-16
153,Martin,Brown,martin.brown153@example.com,Southwest,Returning,2023-01-17
154,Andrea,Rose,andrea.rose154@example.com,Northeast,New,2023-01-18
155,Melissa,Lee,melissa.lee155@example.com,Southeast,New,2023-10-27
156,Elizabeth,Stephens,elizabeth.stephens156@example.com,Northeast,Returning,2023-06-22
157,Lori,Hodge,lori.hodge157@example.com,Southwest,High Value,2023-10-08
158,Erica,Rodriguez,erica.rodriguez158@example.com,West,New,2024-09-14
159,Brandy,Porter,brandy.porter159@example.com,Midwest,New,2025-02-28
160,Christopher,Krause,christopher.krause160@example.com,Southeast,Returning,2024-03-03
161,Joshua,Frazier,joshua.frazier161@example.com,Southeast,Returning,2025-05-27
162,Chelsea,Mathews,chelsea.mathews162@example.com,Southwest,Returning,2025-04-22
163,Rebecca,Hawkins,rebecca.hawkins163@example.com,Midwest,New,2024-08-23
164,Stanley,Villarreal,stanley.villarreal164@example.com,Southeast,New,2024-08-20
165,Samantha,Adams,samantha.adams165@example.com,Southeast,High Value,2024-11-27
166,Andrew,Hawkins,andrew.hawkins166@example.com,Southwest,Returning,2024-06-05
167,Crystal,Estrada,crystal.estrada167@example.com,Midwest,Returning,2023-11-09
168,Brett,Ellis,brett.ellis168@example.com,Northeast,Returning,2024-04-27
169,Randall,Davis,randall.davis169@example.com,Northeast,Loyal,2024-04-23
170,Theresa,Franco,theresa.franco170@example.com,Southeast,Returning,2025-01-18
171,Timothy,Hickman,timothy.hickman171@example.com,Southwest,Returning,2023-02-16
172,Suzanne,Elliott,suzanne.elliott172@example.com,West,Loyal,2024-07-11
173,James,Parker,james.parker173@example.com,Southwest,New,2023-03-22
174,Kayla,Peterson,kayla.peterson174@example.com,Midwest,New,2024-04-09
175,Benjamin,Watkins,benjamin.watkins175@example.com,Southeast,Returning,2024-05-01
176,Nathan,Rios,nathan.rios176@example.com,Southeast,Loyal,2023-08-29
177,Ashley,Rodriguez,ashley.rodriguez177@example.com,Midwest,Loyal,2024-04-21
178,William,Patrick,william.patrick178@example.com,Northeast,New,2024-05-30
179,Taylor,Nash,taylor.nash179@example.com,Southwest,New,2023-08-30
180,Christine,Simon,christine.simon180@example.com,Midwest,Returning,2023-12-22
181,James,Edwards,james.edwards181@example.com,Southeast,Returning,2025-01-03
182,Catherine,Curtis,catherine.curtis182@example.com,Northeast,New,2024-02-11
183,David,Jefferson,david.jefferson183@example.com,Northeast,New,2024-09-29
184,Michael,Holland,michael.holland184@example.com,Southwest,New,2024-03-27
185,Alexander,Graves,alexander.graves185@example.com,West,New,2025-06-13
186,Jason,Gibbs,jason.gibbs186@example.com,Southeast,High Value,2025-02-25
187,Beth,Freeman,beth.freeman187@example.com,Southwest,Returning,2023-11-08
188,Victoria,Roberts,victoria.roberts188@example.com,Southeast,High Value,2023-02-13
189,William,Carlson,william.carlson189@example.com,West,High Value,2024-04-07
190,Christopher,Hernandez,christopher.hernandez190@example.com,Midwest,Returning,2023-06-06
191,Ray,Mcdonald,ray.mcdonald191@example.com,Midwest,Returning,2025-07-09
192,Margaret,Vasquez,margaret.vasquez192@example.com,West,New,2024-11-10
193,Tonya,Larson,tonya.larson193@example.com,Midwest,New,2024-08-21
194,Amy,Gray,amy.gray194@example.com,Midwest,Loyal,2023-06-07
195,Kaitlyn,Grant,kaitlyn.grant195@example.com,Southwest,Returning,2023-04-25
196,Christopher,Knox,christopher.knox196@example.com,Midwest,Loyal,2025-01-02
197,Laura,Murphy,laura.murphy197@example.com,West,Returning,2025-01-29
198,William,Jones,william.jones198@example.com,Northeast,Returning,2024-07-14
199,Melissa,Freeman,melissa.freeman199@example.com,West,Returning,2024-08-27
200,Jeffrey,Thompson,jeffrey.thompson200@example.com,Northeast,Returning,2023-12-01
201,Rebecca,Anthony,rebecca.anthony201@example.com,Midwest,Returning,2025-04-27
202,John,Olson,john.olson202@example.com,Midwest,Loyal,2023-08-27
203,Jason,Lambert,jason.lambert203@example.com,Southeast,High Value,2023-03-13
204,Jessica,Singleton,jessica.singleton204@example.com,Southeast,Returning,2024-09-05
205,Leslie,Garza,leslie.garza205@example.com,West,New,2023-04-15
206,Jennifer,Kaufman,jennifer.kaufman206@example.com,Southwest,Returning,2024-08-05
207,Mark,Diaz,mark.diaz207@example.com,Midwest,New,2024-10-26
208,Anthony,Sutton,anthony.sutton208@example.com,Northeast,New,2023-10-16
209,Andrea,Benjamin,andrea.benjamin209@example.com,Southwest,Returning,2025-05-24
210,Brian,Martin,brian.martin210@example.com,Southeast,New,2023-03-22
211,Patrick,Stephens,patrick.stephens211@example.com,Northeast,Returning,2025-06-30
212,Margaret,James,margaret.james212@example.com,Southeast,New,2025-08-24
213,Miranda,Rogers,miranda.rogers213@example.com,Northeast,Loyal,2025-07-27
214,Jessica,Rose,jessica.rose214@example.com,Northeast,High Value,2024-04-11
215,Jason,Nelson,jason.nelson215@example.com,West,Loyal,2023-05-03
216,Jennifer,Lynch,jennifer.lynch216@example.com,Northeast,High Value,2024-10-12
217,Heather,Foster,heather.foster217@example.com,West,New,2023-03-06
218,Chelsea,Wagner,chelsea.wagner218@example.com,Southeast,New,2023-12-12
219,Richard,Butler,richard.butler219@example.com,Southwest,New,2025-10-18
220,Jason,Warren,jason.warren220@example.com,Southeast,Returning,2023-04-10
221,Robert,Brown,robert.brown221@example.com,Northeast,Returning,2023-03-18
222,Christopher,Chang,christopher.chang222@example.com,Southwest,New,2025-11-11
223,Jonathan,Briggs,jonathan.briggs223@example.com,Midwest,New,2024-09-25
224,Michael,Gordon,michael.gordon224@example.com,Southwest,New,2023-08-10
225,Cynthia,Harvey,cynthia.harvey225@example.com,Northeast,Returning,2025-11-26
226,Dustin,Allison,dustin.allison226@example.com,Southeast,Returning,2023-04-06
227,Julie,Garcia,julie.garcia227@example.com,Midwest,New,2023-01-10
228,Joan,George,joan.george228@example.com,Southeast,New,2023-03-20
229,Joel,Torres,joel.torres229@example.com,Midwest,High Value,2024-05-31
230,Steven,Rivera,steven.rivera230@example.com,West,Returning,2025-12-09
231,Steven,Wright,steven.wright231@example.com,Northeast,New,2023-01-09
232,David,Smith,david.smith232@example.com,Southeast,New,2023-01-16
233,Nicholas,Wells,nicholas.wells233@example.com,Midwest,New,2023-05-25
234,Robin,Thomas,robin.thomas234@example.com,Southwest,Returning,2025-02-23
235,Julia,White,julia.white235@example.com,West,New,2023-11-27
236,Brittany,Ross,brittany.ross236@example.com,Midwest,Returning,2023-07-21
237,Luis,Davis,luis.davis237@example.com,Northeast,New,2023-09-23
238,Susan,Parker,susan.parker238@example.com,Southeast,New,2023-10-17
239,Amy,Cole,amy.cole239@example.com,West,New,2024-04-10
240,John,Davidson,john.davidson240@example.com,Southeast,New,2024-08-23
241,Courtney,Ross,courtney.ross241@example.com,Midwest,New,2023-12-22
242,Trevor,Harrington,trevor.harrington242@example.com,West,New,2023-08-31
243,Brian,Palmer,brian.palmer243@example.com,Southeast,High Value,2025-03-13
244,Sara,Miller,sara.miller244@example.com,Southeast,Returning,2025-11-03
245,Adam,Andrews,adam.andrews245@example.com,Southwest,Returning,2024-12-10
246,Daryl,Barker,daryl.barker246@example.com,Southeast,Returning,2024-07-13
247,Tara,White,tara.white247@example.com,Southwest,Returning,2025-06-08
248,Jennifer,Thompson,jennifer.thompson248@example.com,Northeast,New,2024-03-06
249,Becky,Maddox,becky.maddox249@example.com,West,Returning,2023-02-15
250,John,Shelton,john.shelton250@example.com,West,Loyal,2024-04-29
251,Alyssa,Berry,alyssa.berry251@example.com,Northeast,High Value,2025-04-02
252,Erica,Reed,erica.reed252@example.com,Midwest,New,2023-10-12
253,David,Sutton,david.sutton253@example.com,Southeast,Returning,2023-04-01
254,Rachel,Cohen,rachel.cohen254@example.com,Midwest,Returning,2025-11-06
255,Joshua,Mcdowell,joshua.mcdowell255@example.com,Midwest,Returning,2024-12-18
256,Sharon,Wagner,sharon.wagner256@example.com,Southeast,New,2025-07-20
257,John,Green,john.green257@example.com,West,Returning,2024-04-10
258,Thomas,Jenkins,thomas.jenkins258@example.com,Midwest,Loyal,2025-11-25
259,Jeremy,Payne,jeremy.payne259@example.com,Northeast,Returning,2023-08-17
260,Courtney,Mata,courtney.mata260@example.com,Northeast,New,2025-05-14
261,Eric,Morrison,eric.morrison261@example.com,Southwest,High Value,2025-08-24
262,Destiny,Harris,destiny.harris262@example.com,Southwest,Returning,2024-03-06
263,Jessica,Powell,jessica.powell263@example.com,Midwest,New,2023-04-17
264,Jonathan,Martinez,jonathan.martinez264@example.com,West,Returning,2024-03-21
265,Emily,Jones,emily.jones265@example.com,Midwest,New,2025-10-18
266,Kathy,Campbell,kathy.campbell266@example.com,Northeast,New,2024-02-09
267,Tom,Castaneda,tom.castaneda267@example.com,Southwest,New,2024-05-27
268,Lisa,Cain,lisa.cain268@example.com,West,Returning,2025-10-08
269,Sara,Diaz,sara.diaz269@example.com,Southwest,New,2025-01-06
270,Steven,Williamson,steven.williamson270@example.com,Midwest,Loyal,2023-04-21
271,Mary,Nicholson,mary.nicholson271@example.com,West,New,2023-06-15
272,Troy,Wyatt,troy.wyatt272@example.com,Southeast,Returning,2023-12-21
273,Kristy,Ruiz,kristy.ruiz273@example.com,Southwest,Returning,2024-07-16
274,Scott,Harris,scott.harris274@example.com,Midwest,Returning,2023-11-20
275,Gregory,Rogers,gregory.rogers275@example.com,Midwest,New,2023-12-10
276,Steven,Walker,steven.walker276@example.com,Southwest,Loyal,2023-04-15
277,Emily,Smith,emily.smith277@example.com,Southwest,High Value,2024-06-20
278,Tami,Jones,tami.jones278@example.com,Southeast,Loyal,2023-12-19
279,Austin,Lucas,austin.lucas279@example.com,Southwest,Returning,2024-01-08
280,Paul,Tucker,paul.tucker280@example.com,Southeast,Returning,2023-10-21
281,Marcus,Williams,marcus.williams281@example.com,West,New,2024-07-25
282,Lori,Mcclain,lori.mcclain282@example.com,Southwest,Loyal,2025-11-08
283,Karen,Lambert,karen.lambert283@example.com,West,Returning,2024-04-07
284,Emily,Dixon,emily.dixon284@example.com,Southwest,Returning,2023-06-17
285,Madison,Wiggins,madison.wiggins285@example.com,Midwest,Loyal,2024-07-19
286,Kristy,Barnes,kristy.barnes286@example.com,Southwest,Returning,2025-03-12
287,Timothy,Harper,timothy.harper287@example.com,Midwest,Returning,2023-06-06
288,Jeffrey,Hernandez,jeffrey.hernandez288@example.com,Southeast,Returning,2023-01-23
289,Christina,Dennis,christina.dennis289@example.com,West,Loyal,2023-07-08
290,Charles,Thomas,charles.thomas290@example.com,Southwest,Returning,2024-03-03
291,Elizabeth,Diaz,elizabeth.diaz291@example.com,Northeast,Returning,2024-07-14
292,Christopher,Stevenson,christopher.stevenson292@example.com,Midwest,New,2023-10-07
293,Megan,Montgomery,megan.montgomery293@example.com,Southwest,Returning,2023-03-26
294,Paige,Howard,paige.howard294@example.com,West,Returning,2023-10-01
295,Diane,Turner,diane.turner295@example.com,Midwest,Returning,2025-02-25
296,Jennifer,Jenkins,jennifer.jenkins296@example.com,Northeast,High Value,2023-01-07
297,Samantha,Thomas,samantha.thomas297@example.com,Northeast,Returning,2023-09-10
298,Thomas,Jackson,thomas.jackson298@example.com,Southwest,New,2024-07-28
299,Michele,Johnson,michele.johnson299@example.com,West,Returning,2023-06-29
300,Joy,Cruz,joy.cruz300@example.com,Northeast,New,2023-09-30
301,Julia,White,julia.white301@example.com,Midwest,Returning,2024-12-01
302,Brianna,Charles,brianna.charles302@example.com,West,Loyal,2025-11-20
303,Steven,Richardson,steven.richardson303@example.com,West,New,2025-02-21
304,Brittany,Franco,brittany.franco304@example.com,Northeast,Returning,2024-08-31
305,John,Williams,john.williams305@example.com,West,Returning,2025-01-14
306,Patricia,Marsh,patricia.marsh306@example.com,Northeast,New,2025-03-06
307,Eric,Blake,eric.blake307@example.com,Southwest,Returning,2024-06-20
308,Cynthia,Edwards,cynthia.edwards308@example.com,West,New,2025-06-03
309,Erica,Briggs,erica.briggs309@example.com,Northeast,New,2025-11-04
310,Jason,Barrett,jason.barrett310@example.com,Southeast,Loyal,2023-03-30
311,Leonard,Fox,leonard.fox311@example.com,Midwest,Loyal,2025-09-15
312,Patricia,Lewis,patricia.lewis312@example.com,West,New,2024-07-22
313,Allen,Morris,allen.morris313@example.com,West,New,2025-09-07
314,Chelsea,Cooper,chelsea.cooper314@example.com,Southwest,Loyal,2023-08-13
315,Ryan,Yang,ryan.yang315@example.com,Northeast,Returning,2023-02-01
316,Ann,Smith,ann.smith316@example.com,West,New,2025-04-03
317,Christopher,Jones,christopher.jones317@example.com,Northeast,Returning,2025-03-27
318,Lisa,Kelly,lisa.kelly318@example.com,Southwest,Returning,2025-02-05
319,Jacqueline,Brandt,jacqueline.brandt319@example.com,Midwest,New,2024-09-05
320,Abigail,Barnett,abigail.barnett320@example.com,Northeast,Returning,2023-07-23
321,Charles,Craig,charles.craig321@example.com,Northeast,High Value,2023-10-08
322,Katrina,Hogan,katrina.hogan322@example.com,Midwest,New,2023-07-19
323,Luis,Cox,luis.cox323@example.com,Southeast,New,2025-06-22
324,David,Hogan,david.hogan324@example.com,Midwest,Returning,2025-08-14
325,Michael,Becker,michael.becker325@example.com,Northeast,Returning,2024-03-25
326,Justin,Snyder,justin.snyder326@example.com,Southwest,New,2025-12-05
327,Corey,Jones,corey.jones327@example.com,Southwest,Loyal,2025-02-14
328,Peter,Hunt,peter.hunt328@example.com,Midwest,Returning,2023-07-08
329,Grace,Robinson,grace.robinson329@example.com,West,Returning,2024-11-17
330,Eric,Mcdowell,eric.mcdowell330@example.com,Southwest,Loyal,2025-05-08
331,Fred,Tyler,fred.tyler331@example.com,Midwest,Returning,2024-08-02
332,Kevin,Roman,kevin.roman332@example.com,Midwest,Loyal,2023-10-16
333,Jennifer,Williams,jennifer.williams333@example.com,Northeast,New,2024-10-22
334,Joel,Bond,joel.bond334@example.com,Southeast,New,2024-01-08
335,William,Green,william.green335@example.com,Northeast,Returning,2023-01-18
336,Matthew,Castaneda,matthew.castaneda336@example.com,Southwest,New,2023-03-19
337,Donna,Baker,donna.baker337@example.com,Midwest,High Value,2025-10-13
338,John,Sherman,john.sherman338@example.com,Midwest,Loyal,2025-11-17
339,Jacob,Hurley,jacob.hurley339@example.com,Southeast,Loyal,2025-10-14
340,Melanie,Mitchell,melanie.mitchell340@example.com,Southwest,Returning,2024-07-14
341,Emily,Arellano,emily.arellano341@example.com,West,Loyal,2023-01-30
342,Abigail,Mcguire,abigail.mcguire342@example.com,Midwest,Returning,2025-12-30
343,Erica,Murphy,erica.murphy343@example.com,West,Loyal,2023-04-12
344,Nancy,Donovan,nancy.donovan344@example.com,West,Returning,2023-02-16
345,Stefanie,Baker,stefanie.baker345@example.com,West,New,2024-10-05
346,Mary,Hall,mary.hall346@example.com,West,Returning,2023-01-09
347,Andrew,Taylor,andrew.taylor347@example.com,Southwest,New,2023-02-14
348,Tiffany,Simon,tiffany.simon348@example.com,West,High Value,2023-06-21
349,Jordan,Smith,jordan.smith349@example.com,Southeast,High Value,2025-09-16
350,Linda,Hayes,linda.hayes350@example.com,Northeast,New,2023-04-03
351,Carla,Lopez,carla.lopez351@example.com,Northeast,Returning,2024-07-21
352,Danielle,Montgomery,danielle.montgomery352@example.com,Midwest,Returning,2024-03-17
353,Andrew,Lawrence,andrew.lawrence353@example.com,Midwest,Returning,2023-11-24
354,Andrew,Parker,andrew.parker354@example.com,West,Loyal,2024-06-01
355,Kenneth,Spencer,kenneth.spencer355@example.com,West,Returning,2025-03-07
356,Michael,Curtis,michael.curtis356@example.com,Southeast,Returning,2023-05-18
357,Kristopher,Ellis,kristopher.ellis357@example.com,Southeast,High Value,2023-01-16
358,Kirsten,Norris,kirsten.norris358@example.com,Northeast,Loyal,2024-07-24
359,Amy,Owens,amy.owens359@example.com,Southeast,Loyal,2023-11-04
360,Diane,Downs,diane.downs360@example.com,Midwest,High Value,2024-11-10
361,Laura,Gray,laura.gray361@example.com,Southwest,Loyal,2025-04-07
362,Megan,Walters,megan.walters362@example.com,Midwest,Returning,2025-06-22
363,Tara,Tyler,tara.tyler363@example.com,Southwest,New,2025-06-14
364,Joel,Andersen,joel.andersen364@example.com,West,New,2024-08-26
365,Jason,Miller,jason.miller365@example.com,Southwest,Loyal,2023-09-10
366,Brenda,Clark,brenda.clark366@example.com,West,High Value,2023-04-22
367,Cindy,Jones,cindy.jones367@example.com,Northeast,Returning,2023-01-30
368,Adrian,Hodge,adrian.hodge368@example.com,Southwest,New,2023-03-19
369,Dale,Ellis,dale.ellis369@example.com,Northeast,Returning,2024-09-30
370,Jeremy,Harding,jeremy.harding370@example.com,West,New,2023-05-20
371,Robert,White,robert.white371@example.com,Midwest,New,2024-08-11
372,Keith,Sims,keith.sims372@example.com,Southeast,Loyal,2025-11-06
373,Brittney,Oliver,brittney.oliver373@example.com,West,Returning,2024-05-01
374,Billy,Brown,billy.brown374@example.com,Midwest,New,2023-07-20
375,Jared,Villarreal,jared.villarreal375@example.com,Southwest,New,2024-06-23
376,Jonathan,Richard,jonathan.richard376@example.com,Southeast,High Value,2025-01-27
377,Ryan,Mooney,ryan.mooney377@example.com,Southeast,Returning,2024-11-18
378,Elaine,Smith,elaine.smith378@example.com,Southwest,Returning,2023-09-24
379,John,Clark,john.clark379@example.com,Southwest,High Value,2025-12-25
380,Kevin,Garcia,kevin.garcia380@example.com,Midwest,Returning,2023-05-10
381,Kyle,Rowland,kyle.rowland381@example.com,Midwest,New,2025-02-23
382,Kimberly,Allen,kimberly.allen382@example.com,Northeast,New,2023-11-08
383,Kelly,Lyons,kelly.lyons383@example.com,Midwest,New,2025-10-27
384,Kayla,Peterson,kayla.peterson384@example.com,Southeast,Loyal,2023-07-05
385,Lisa,Long,lisa.long385@example.com,Northeast,Loyal,2023-09-06
386,Jennifer,Wiley,jennifer.wiley386@example.com,West,New,2024-07-26
387,David,Smith,david.smith387@example.com,Southeast,Returning,2023-04-26
388,Haley,Harvey,haley.harvey388@example.com,Midwest,New,2025-09-30
389,Samuel,Ford,samuel.ford389@example.com,Northeast,Loyal,2023-06-11
390,William,Martinez,william.martinez390@example.com,Midwest,Loyal,2023-08-09
391,Connie,Haynes,connie.haynes391@example.com,Midwest,Returning,2023-02-23
392,Kathy,Sawyer,kathy.sawyer392@example.com,Midwest,New,2024-04-26
393,Alyssa,Jones,alyssa.jones393@example.com,Southwest,New,2025-07-18
394,Jamie,Rangel,jamie.rangel394@example.com,Southwest,Loyal,2025-05-24
395,Christopher,Tucker,christopher.tucker395@example.com,Northeast,New,2025-04-27
396,Blake,Bryant,blake.bryant396@example.com,West,High Value,2024-10-14
397,Teresa,Bradley,teresa.bradley397@example.com,Southeast,Loyal,2025-04-08
398,Francisco,Blankenship,francisco.blankenship398@example.com,Midwest,New,2024-02-11
399,Leah,Lewis,leah.lewis399@example.com,Southwest,New,2024-11-18
400,Victor,Martinez,victor.martinez400@example.com,West,Returning,2025-04-29
401,Bethany,Weaver,bethany.weaver401@example.com,Northeast,New,2025-01-12
402,Spencer,Fisher,spencer.fisher402@example.com,Southeast,New,2023-12-01
403,Alexis,Schneider,alexis.schneider403@example.com,Southwest,New,2024-01-24
404,Amy,Carter,amy.carter404@example.com,Southeast,New,2024-02-20
405,Matthew,Hutchinson,matthew.hutchinson405@example.com,Northeast,New,2023-11-11
406,David,Wu,david.wu406@example.com,West,High Value,2023-12-04
407,Timothy,Weaver,timothy.weaver407@example.com,West,Returning,2025-03-28
408,Leroy,Jackson,leroy.jackson408@example.com,Northeast,Loyal,2024-09-13
409,Tara,Jackson,tara.jackson409@example.com,Southeast,New,2024-01-15
410,Julie,Campbell,julie.campbell410@example.com,Midwest,New,2023-02-14
411,Jessica,Thompson,jessica.thompson411@example.com,West,High Value,2024-09-07
412,Scott,Reynolds,scott.reynolds412@example.com,West,Returning,2024-05-17
413,Stephanie,Wallace,stephanie.wallace413@example.com,Midwest,Returning,2025-03-15
414,Christina,White,christina.white414@example.com,Northeast,High Value,2025-07-12
415,Rebecca,Clarke,rebecca.clarke415@example.com,Southwest,Returning,2023-12-28
416,David,Roy,david.roy416@example.com,Southeast,New,2024-01-02
417,Brenda,Lee,brenda.lee417@example.com,Midwest,New,2025-02-11
418,Christopher,Gomez,christopher.gomez418@example.com,Southwest,Returning,2024-04-06
419,Sarah,Rivers,sarah.rivers419@example.com,Southeast,High Value,2024-12-31
420,Ashley,Bush,ashley.bush420@example.com,West,New,2023-06-15
421,Brent,Wilson,brent.wilson421@example.com,Southwest,High Value,2025-09-08
422,Derek,Fitzpatrick,derek.fitzpatrick422@example.com,Northeast,New,2025-09-19
423,Anthony,Carrillo,anthony.carrillo423@example.com,Southwest,New,2025-10-24
424,Ann,Howard,ann.howard424@example.com,Northeast,Returning,2024-12-18
425,Michelle,Miller,michelle.miller425@example.com,Southeast,Loyal,2024-04-09
426,Michelle,Gross,michelle.gross426@example.com,Midwest,Returning,2024-05-18
427,Robert,Turner,robert.turner427@example.com,Southwest,New,2024-03-13
428,Lori,Paul,lori.paul428@example.com,Southwest,Loyal,2023-11-04
429,John,Key,john.key429@example.com,Northeast,New,2025-04-18
430,Wendy,Bell,wendy.bell430@example.com,West,Loyal,2024-07-29
431,Amy,May,amy.may431@example.com,West,New,2023-01-07
432,Erin,Leon,erin.leon432@example.com,Northeast,Returning,2024-01-27
433,Julie,Byrd,julie.byrd433@example.com,Midwest,Loyal,2023-04-10
434,John,Meza,john.meza434@example.com,Midwest,Returning,2023-01-21
435,Melissa,Villa,melissa.villa435@example.com,Southwest,Returning,2023-01-09
436,Richard,Bryant,richard.bryant436@example.com,Midwest,Returning,2024-03-11
437,Douglas,Ramirez,douglas.ramirez437@example.com,Northeast,Loyal,2023-05-17
438,Jennifer,Williams,jennifer.williams438@example.com,Southwest,Returning,2024-10-07
439,Bryan,Contreras,bryan.contreras439@example.com,West,New,2024-10-09
440,John,Gray,john.gray440@example.com,Southeast,Returning,2023-11-26
441,Glenn,Joseph,glenn.joseph441@example.com,Southeast,Loyal,2025-12-10
442,Mark,Lopez,mark.lopez442@example.com,Southwest,Returning,2023-04-03
443,Kristine,Johnson,kristine.johnson443@example.com,Southwest,Loyal,2024-03-26
444,Kelly,Lynch,kelly.lynch444@example.com,Northeast,Loyal,2024-09-03
445,Jason,Sellers,jason.sellers445@example.com,Southwest,New,2025-12-25
446,Brian,Herrera,brian.herrera446@example.com,Southwest,New,2025-04-24
447,Daniel,Walker,daniel.walker447@example.com,Southwest,Returning,2024-07-03
448,Christopher,Davis,christopher.davis448@example.com,Northeast,Returning,2023-04-09
449,Dustin,Wagner,dustin.wagner449@example.com,West,New,2023-04-20
450,Joann,Mckee,joann.mckee450@example.com,West,New,2023-02-23
451,Christopher,Miranda,christopher.miranda451@example.com,West,Returning,2023-06-08
452,Nathan,Smith,nathan.smith452@example.com,Midwest,High Value,2023-10-29
453,Stephen,Kim,stephen.kim453@example.com,Southeast,Loyal,2024-05-21
454,Walter,Schultz,walter.schultz454@example.com,Southeast,Returning,2023-03-19
455,Steven,Bryant,steven.bryant455@example.com,Northeast,Returning,2024-01-14
456,Alicia,Wallace,alicia.wallace456@example.com,Northeast,Loyal,2025-03-28
457,Jillian,Sanchez,jillian.sanchez457@example.com,Southwest,New,2024-02-07
458,Jeanette,Young,jeanette.young458@example.com,Southwest,New,2025-12-21
459,Ariana,Rice,ariana.rice459@example.com,Southeast,Loyal,2023-04-19
460,Janet,Pearson,janet.pearson460@example.com,Midwest,Loyal,2024-12-24
461,Grace,Mckenzie,grace.mckenzie461@example.com,Northeast,Returning,2025-10-07
462,James,Burke,james.burke462@example.com,Midwest,Loyal,2023-11-29
463,Thomas,Brown,thomas.brown463@example.com,Northeast,Returning,2024-04-23
464,Michael,Miller,michael.miller464@example.com,West,Loyal,2023-07-28
465,Andres,Davis,andres.davis465@example.com,Northeast,Returning,2024-10-08
466,Sara,Smith,sara.smith466@example.com,Southwest,Loyal,2025-01-12
467,Tracy,Luna,tracy.luna467@example.com,West,High Value,2025-01-09
468,Eric,Henry,eric.henry468@example.com,Midwest,Returning,2025-04-22
469,Michael,Lester,michael.lester469@example.com,West,Returning,2023-07-22
470,David,Reynolds,david.reynolds470@example.com,West,Returning,2023-09-16
471,Angela,Jennings,angela.jennings471@example.com,Southwest,New,2024-03-18
472,Susan,Thomas,susan.thomas472@example.com,Northeast,Returning,2025-12-07
473,David,Lawson,david.lawson473@example.com,Northeast,New,2023-01-14
474,Melissa,Wright,melissa.wright474@example.com,Midwest,High Value,2024-11-13
475,James,Gomez,james.gomez475@example.com,West,Returning,2024-02-05
476,Michael,Mason,michael.mason476@example.com,Southwest,Loyal,2023-12-19
477,James,Carter,james.carter477@example.com,Southeast,New,2023-04-26
478,Sarah,Miller,sarah.miller478@example.com,Northeast,New,2025-08-05
479,David,Brown,david.brown479@example.com,Southwest,Returning,2025-06-06
480,April,Watkins,april.watkins480@example.com,Midwest,New,2023-11-11
481,Micheal,Mcguire,micheal.mcguire481@example.com,Midwest,Returning,2024-12-06
482,Ana,Escobar,ana.escobar482@example.com,Southeast,High Value,2023-08-25
483,Jonathan,Baker,jonathan.baker483@example.com,Southwest,Loyal,2024-07-09
484,Robert,Thomas,robert.thomas484@example.com,Southwest,Loyal,2024-11-13
485,Joann,Smith,joann.smith485@example.com,Southeast,New,2023-07-15
486,Todd,Crawford,todd.crawford486@example.com,Southeast,Returning,2023-10-27
487,Adam,Rodriguez,adam.rodriguez487@example.com,Southeast,New,2025-02-10
488,Ryan,Ramos,ryan.ramos488@example.com,West,New,2023-02-28
489,Zachary,Ayala,zachary.ayala489@example.com,Southwest,New,2025-12-09
490,Courtney,Brown,courtney.brown490@example.com,Midwest,New,2023-08-08
491,Taylor,Campbell,taylor.campbell491@example.com,Midwest,New,2024-01-19
492,Laura,Thompson,laura.thompson492@example.com,Midwest,High Value,2025-12-26
493,Jeffrey,Robinson,jeffrey.robinson493@example.com,Southeast,New,2025-07-19
494,Jack,Griffith,jack.griffith494@example.com,Southeast,Loyal,2025-07-14
495,Dylan,Williams,dylan.williams495@example.com,Northeast,New,2024-12-27
496,Melissa,Wise,melissa.wise496@example.com,Southwest,Loyal,2025-08-11
497,Michele,Miranda,michele.miranda497@example.com,Northeast,Returning,2024-05-08
498,Sarah,Gonzalez,sarah.gonzalez498@example.com,Southeast,High Value,2025-01-21
499,Gail,Howard,gail.howard499@example.com,Midwest,New,2024-04-24
500,Emily,Jones,emily.jones500@example.com,Northeast,Loyal,2024-03-23
501,Matthew,Hines,matthew.hines501@example.com,Southeast,Loyal,2025-01-29
502,Robert,Allen,robert.allen502@example.com,Southwest,New,2023-06-22
503,Roger,Benitez,roger.benitez503@example.com,Northeast,New,2023-02-09
504,Tracey,Flynn,tracey.flynn504@example.com,Southwest,New,2023-06-05
505,Thomas,Stevens,thomas.stevens505@example.com,Northeast,New,2025-05-14
506,Anna,Singh,anna.singh506@example.com,Southwest,New,2025-10-31
507,Lacey,Wilson,lacey.wilson507@example.com,Southwest,Loyal,2025-04-28
508,Stephanie,Underwood,stephanie.underwood508@example.com,Southeast,New,2024-01-17
509,Madison,Harris,madison.harris509@example.com,Midwest,Loyal,2025-04-28
510,Yvette,Reed,yvette.reed510@example.com,Northeast,New,2024-05-31
511,Cheryl,Guzman,cheryl.guzman511@example.com,Southwest,Loyal,2024-04-16
512,Elijah,Hernandez,elijah.hernandez512@example.com,Southeast,Returning,2025-01-02
513,Morgan,Roberts,morgan.roberts513@example.com,Midwest,Returning,2025-08-31
514,Amanda,James,amanda.james514@example.com,Midwest,Returning,2025-12-07
515,Craig,Foster,craig.foster515@example.com,Southeast,Returning,2023-10-11
516,Robert,Moore,robert.moore516@example.com,West,New,2023-11-22
517,Robert,Kramer,robert.kramer517@example.com,Midwest,New,2023-03-22
518,Bryan,Perkins,bryan.perkins518@example.com,Midwest,New,2025-05-19
519,George,Miles,george.miles519@example.com,Southwest,High Value,2024-04-26
520,Frank,Martin,frank.martin520@example.com,Northeast,New,2023-08-01
521,John,Price,john.price521@example.com,Midwest,Returning,2024-01-15
522,Cynthia,Mitchell,cynthia.mitchell522@example.com,Midwest,Returning,2024-05-04
523,Gregory,Myers,gregory.myers523@example.com,Southeast,Returning,2025-04-27
524,Heather,Roberts,heather.roberts524@example.com,Southwest,Loyal,2024-01-04
525,Jessica,Anderson,jessica.anderson525@example.com,Southeast,Returning,2025-04-28
526,Krystal,Turner,krystal.turner526@example.com,Northeast,High Value,2023-12-13
527,Sara,Parker,sara.parker527@example.com,Southeast,New,2025-08-27
528,Samantha,Moore,samantha.moore528@example.com,Southeast,Returning,2025-03-28
529,Heather,Rose,heather.rose529@example.com,Northeast,New,2023-11-17
530,Justin,Burton,justin.burton530@example.com,Midwest,New,2023-08-18
531,James,Washington,james.washington531@example.com,Southwest,New,2024-08-27
532,Laura,Massey,laura.massey532@example.com,Southeast,Returning,2023-02-09
533,Krystal,Phillips,krystal.phillips533@example.com,Southwest,Loyal,2025-10-03
534,Michelle,Clark,michelle.clark534@example.com,West,Returning,2023-08-04
535,Matthew,Jackson,matthew.jackson535@example.com,Southeast,Returning,2025-06-11
536,Troy,Becker,troy.becker536@example.com,Southeast,Returning,2024-08-20
537,Jerome,Austin,jerome.austin537@example.com,West,New,2025-09-30
538,Cynthia,Stewart,cynthia.stewart538@example.com,Southeast,Returning,2024-07-03
539,Christian,Valenzuela,christian.valenzuela539@example.com,West,Returning,2023-06-27
540,Jennifer,Ramirez,jennifer.ramirez540@example.com,Southwest,Returning,2023-10-26
541,Brittany,Sims,brittany.sims541@example.com,Midwest,New,2024-08-24
542,Nathan,Johnson,nathan.johnson542@example.com,Northeast,Returning,2024-12-06
543,Amanda,Adams,amanda.adams543@example.com,Northeast,Returning,2025-11-06
544,Brandon,Cochran,brandon.cochran544@example.com,Southwest,Returning,2023-03-24
545,Heather,Burns,heather.burns545@example.com,Northeast,New,2025-04-25
546,Tammy,Torres,tammy.torres546@example.com,Midwest,High Value,2023-12-05
547,Jessica,Andrews,jessica.andrews547@example.com,West,Returning,2024-03-11
548,Shane,Garrett,shane.garrett548@example.com,West,New,2025-08-09
549,Darryl,Welch,darryl.welch549@example.com,Southwest,New,2023-05-31
550,Robert,Woodard,robert.woodard550@example.com,Midwest,New,2024-06-22
551,Brenda,Johnson,brenda.johnson551@example.com,Southeast,High Value,2024-07-04
552,Sarah,Valdez,sarah.valdez552@example.com,Southeast,New,2023-07-18
553,Megan,Jordan,megan.jordan553@example.com,Midwest,Loyal,2024-09-03
554,Jessica,Acosta,jessica.acosta554@example.com,Midwest,New,2024-04-23
555,Crystal,Frank,crystal.frank555@example.com,Northeast,Returning,2024-06-02
556,Steven,Anderson,steven.anderson556@example.com,West,Returning,2025-03-10
557,Brittany,Serrano,brittany.serrano557@example.com,Midwest,Returning,2024-03-20
558,Donald,Haynes,donald.haynes558@example.com,Northeast,Returning,2024-07-21
559,Elizabeth,Reeves,elizabeth.reeves559@example.com,Midwest,High Value,2024-12-24
560,Alexander,Richard,alexander.richard560@example.com,Northeast,New,2023-01-18
561,Christopher,Campbell,christopher.campbell561@example.com,Midwest,Returning,2025-09-16
562,Heather,Williams,heather.williams562@example.com,Southeast,New,2025-02-22
563,Danielle,Green,danielle.green563@example.com,Southwest,Loyal,2025-12-10
564,Jennifer,Glenn,jennifer.glenn564@example.com,Southeast,New,2024-03-16
565,Deborah,Brown,deborah.brown565@example.com,Midwest,Loyal,2025-05-08
566,Raymond,Wright,raymond.wright566@example.com,Northeast,New,2024-10-12
567,Rebecca,Conner,rebecca.conner567@example.com,Southwest,Loyal,2023-07-13
568,Betty,Combs,betty.combs568@example.com,Southwest,New,2025-06-24
569,Leslie,Parks,leslie.parks569@example.com,Northeast,New,2025-06-20
570,Travis,Cummings,travis.cummings570@example.com,Northeast,Returning,2025-08-21
571,Jeff,Lopez,jeff.lopez571@example.com,Southeast,Returning,2023-10-26
572,Kyle,Robbins,kyle.robbins572@example.com,Northeast,New,2023-11-27
573,Robert,Hopkins,robert.hopkins573@example.com,Southwest,New,2025-03-30
574,Roy,White,roy.white574@example.com,Northeast,Loyal,2023-08-10
575,Kelli,Lynn,kelli.lynn575@example.com,West,New,2025-08-04
576,Dennis,Taylor,dennis.taylor576@example.com,Northeast,Returning,2025-11-06
577,Savannah,Thompson,savannah.thompson577@example.com,Southwest,New,2024-08-27
578,Ashley,Riley,ashley.riley578@example.com,West,Loyal,2024-07-07
579,Tara,Mason,tara.mason579@example.com,Southeast,Loyal,2025-07-31
580,Monica,Bass,monica.bass580@example.com,West,New,2023-05-07
581,Carl,May,carl.may581@example.com,Southeast,Returning,2025-10-03
582,Samantha,Thompson,samantha.thompson582@example.com,Southeast,New,2024-04-20
583,Thomas,Noble,thomas.noble583@example.com,Southwest,Returning,2025-02-15
584,Ashley,Fletcher,ashley.fletcher584@example.com,Southeast,New,2024-08-30
585,Christine,Smith,christine.smith585@example.com,Southwest,Returning,2025-09-01
586,Aaron,Thompson,aaron.thompson586@example.com,Midwest,Returning,2023-06-14
587,Sheila,Thompson,sheila.thompson587@example.com,Southwest,New,2025-02-07
588,David,Gilbert,david.gilbert588@example.com,Northeast,New,2025-07-15
589,John,Parsons,john.parsons589@example.com,Southwest,Returning,2024-12-03
590,Melinda,Long,melinda.long590@example.com,Southeast,New,2023-09-04
591,Candace,Galloway,candace.galloway591@example.com,Midwest,New,2025-01-14
592,Thomas,Monroe,thomas.monroe592@example.com,Southeast,New,2024-06-11
593,Andrew,Gibson,andrew.gibson593@example.com,Midwest,Loyal,2025-02-21
594,Amanda,Perez,amanda.perez594@example.com,Southwest,New,2024-06-30
595,Taylor,Rivas,taylor.rivas595@example.com,Northeast,Loyal,2023-06-05
596,Lisa,Myers,lisa.myers596@example.com,West,Loyal,2024-09-19
597,Brittany,Tucker,brittany.tucker597@example.com,Northeast,Returning,2024-05-14
598,Wesley,Greer,wesley.greer598@example.com,Southwest,Returning,2023-05-13
599,James,Duran,james.duran599@example.com,Southeast,High Value,2025-08-13
600,Amanda,Alvarado,amanda.alvarado600@example.com,Northeast,Loyal,2025-06-12
601,Eric,Gonzales,eric.gonzales601@example.com,Southwest,High Value,2023-04-22
602,Kimberly,Boyd,kimberly.boyd602@example.com,West,New,2024-03-03
603,Kristen,Lloyd,kristen.lloyd603@example.com,Southeast,Loyal,2024-12-25
604,Taylor,Warren,taylor.warren604@example.com,Northeast,New,2024-01-10
605,Stephanie,Meadows,stephanie.meadows605@example.com,Midwest,Loyal,2024-02-01
606,Michelle,Perez,michelle.perez606@example.com,Midwest,Returning,2025-04-10
607,James,Chaney,james.chaney607@example.com,Southwest,New,2024-06-14
608,Adrienne,Mccall,adrienne.mccall608@example.com,Southwest,Returning,2023-06-18
609,Courtney,Jackson,courtney.jackson609@example.com,Southwest,Returning,2024-08-01
610,Patricia,Moore,patricia.moore610@example.com,Southeast,New,2025-07-29
611,David,Bowers,david.bowers611@example.com,Midwest,High Value,2025-10-20
612,Bill,Pacheco,bill.pacheco612@example.com,Midwest,Returning,2025-05-27
613,Kristin,Johnson,kristin.johnson613@example.com,Southwest,Returning,2024-12-21
614,Ashley,Perry,ashley.perry614@example.com,Midwest,Loyal,2023-09-07
615,Laura,Wu,laura.wu615@example.com,Southeast,High Value,2024-11-17
616,Karen,Ruiz,karen.ruiz616@example.com,West,Loyal,2023-09-17
617,Eric,Buchanan,eric.buchanan617@example.com,Southeast,Returning,2025-01-06
618,Erik,Wright,erik.wright618@example.com,Southeast,New,2023-06-23
619,William,Moore,william.moore619@example.com,Midwest,New,2023-08-20
620,Barbara,Page,barbara.page620@example.com,Southeast,Returning,2023-01-11
621,Melanie,Howard,melanie.howard621@example.com,Southeast,New,2024-11-08
622,Charles,Massey,charles.massey622@example.com,Midwest,New,2024-11-17
623,Michelle,Aguilar,michelle.aguilar623@example.com,Southeast,Loyal,2025-10-03
624,Michael,Rush,michael.rush624@example.com,Midwest,Returning,2024-03-27
625,Mark,Cannon,mark.cannon625@example.com,Southeast,Loyal,2023-11-28
626,David,Williams,david.williams626@example.com,Northeast,New,2025-09-25
627,Mark,Vaughan,mark.vaughan627@example.com,Southeast,New,2023-09-26
628,Angela,Martin,angela.martin628@example.com,Northeast,Returning,2023-12-31
629,Yolanda,Lee,yolanda.lee629@example.com,Northeast,High Value,2023-10-03
630,Lisa,Figueroa,lisa.figueroa630@example.com,Midwest,Loyal,2023-01-08
631,Nathaniel,Larson,nathaniel.larson631@example.com,Southwest,Returning,2024-12-26
632,Antonio,Owens,antonio.owens632@example.com,Southeast,New,2023-09-03
633,Thomas,Carney,thomas.carney633@example.com,Midwest,Returning,2024-09-11
634,Julie,Chase,julie.chase634@example.com,Southeast,Returning,2023-08-28
635,Connor,Johns,connor.johns635@example.com,Southwest,New,2025-10-25
636,James,Foster,james.foster636@example.com,Southwest,Loyal,2024-04-26
637,Teresa,Taylor,teresa.taylor637@example.com,Southwest,Loyal,2025-06-10
638,John,Brandt,john.brandt638@example.com,Southeast,Returning,2023-09-15
639,Jose,Camacho,jose.camacho639@example.com,Southeast,Loyal,2025-04-07
640,Jodi,Johnson,jodi.johnson640@example.com,Northeast,Returning,2023-11-16
641,Aaron,Miller,aaron.miller641@example.com,Midwest,Returning,2025-11-16
642,Andrew,Walker,andrew.walker642@example.com,Midwest,Loyal,2025-10-04
643,Allison,Vasquez,allison.vasquez643@example.com,West,Returning,2023-12-21
644,Bryan,Ewing,bryan.ewing644@example.com,Southeast,Returning,2024-10-29
645,Brooke,Wood,brooke.wood645@example.com,Southeast,Returning,2024-07-20
646,Stephanie,Johnson,stephanie.johnson646@example.com,Northeast,Loyal,2023-01-09
647,Jennifer,Keller,jennifer.keller647@example.com,Northeast,Returning,2023-12-05
648,Tony,Johnson,tony.johnson648@example.com,Southeast,Loyal,2023-08-06
649,Joanne,Mendoza,joanne.mendoza649@example.com,Northeast,Loyal,2025-11-08
650,Shelby,Smith,shelby.smith650@example.com,Northeast,New,2023-09-21
651,James,Hardy,james.hardy651@example.com,Southeast,Returning,2024-04-06
652,Carl,Watson,carl.watson652@example.com,Northeast,New,2025-12-30
653,Travis,Cox,travis.cox653@example.com,West,New,2024-12-02
654,Anthony,Hardy,anthony.hardy654@example.com,West,Returning,2023-09-05
655,Ryan,Davidson,ryan.davidson655@example.com,Midwest,New,2024-08-14
656,Evan,Torres,evan.torres656@example.com,Midwest,Returning,2023-10-29
657,Gabriela,Bailey,gabriela.bailey657@example.com,Midwest,Returning,2024-07-11
658,Eric,Parks,eric.parks658@example.com,Midwest,New,2023-07-04
659,Megan,Mason,megan.mason659@example.com,Southeast,New,2023-08-19
660,Shawn,Hooper,shawn.hooper660@example.com,Southeast,Returning,2024-07-16
661,Juan,Williams,juan.williams661@example.com,Southeast,New,2023-09-22
662,Charlotte,Woodard,charlotte.woodard662@example.com,Southeast,New,2023-11-19
663,Eric,Mcintyre,eric.mcintyre663@example.com,Midwest,Returning,2024-10-16
664,Crystal,Morales,crystal.morales664@example.com,Southwest,Returning,2023-09-02
665,Martin,Morrison,martin.morrison665@example.com,Northeast,New,2025-09-29
666,John,Maynard,john.maynard666@example.com,West,Returning,2023-07-11
667,Lori,Wilcox,lori.wilcox667@example.com,Midwest,New,2025-07-28
668,Annette,Hart,annette.hart668@example.com,Northeast,Loyal,2024-03-29
669,Connor,Campbell,connor.campbell669@example.com,Midwest,High Value,2025-06-29
670,Charles,Hull,charles.hull670@example.com,West,Loyal,2024-03-27
671,James,Fuentes,james.fuentes671@example.com,Southeast,Returning,2023-05-09
672,Chelsey,Logan,chelsey.logan672@example.com,Northeast,Returning,2024-08-31
673,Gloria,Garza,gloria.garza673@example.com,Southwest,Loyal,2025-12-03
674,Bryce,Miller,bryce.miller674@example.com,Southeast,New,2024-09-09
675,Erin,Potter,erin.potter675@example.com,Northeast,Returning,2025-03-25
676,Beverly,Wilcox,beverly.wilcox676@example.com,Southeast,New,2024-05-08
677,Heather,Stout,heather.stout677@example.com,Southeast,Returning,2025-01-22
678,Laura,Montoya,laura.montoya678@example.com,Southeast,Returning,2023-07-08
679,Alex,Hooper,alex.hooper679@example.com,Southwest,High Value,2023-04-02
680,Christopher,Glover,christopher.glover680@example.com,Northeast,Returning,2025-10-12
681,Sherry,Lewis,sherry.lewis681@example.com,Southwest,New,2024-03-22
682,Lisa,Christian,lisa.christian682@example.com,Southwest,New,2024-11-13
683,Nicole,Edwards,nicole.edwards683@example.com,Midwest,Returning,2025-05-23
684,Diane,Jimenez,diane.jimenez684@example.com,Midwest,Returning,2023-02-15
685,Matthew,Garza,matthew.garza685@example.com,Southeast,High Value,2024-07-10
686,Dawn,Shepard,dawn.shepard686@example.com,Northeast,New,2023-11-25
687,Patricia,Dunn,patricia.dunn687@example.com,Southeast,Returning,2024-01-30
688,Andrew,Henderson,andrew.henderson688@example.com,West,New,2024-07-02
689,James,Smith,james.smith689@example.com,Northeast,New,2024-01-09
690,Hannah,Turner,hannah.turner690@example.com,Southwest,Returning,2024-11-12
691,Kenneth,Phillips,kenneth.phillips691@example.com,Southeast,High Value,2023-10-11
692,Jack,Baker,jack.baker692@example.com,Southeast,Loyal,2025-07-04
693,Edward,Morris,edward.morris693@example.com,Midwest,Loyal,2025-04-23
694,Johnny,Garza,johnny.garza694@example.com,Northeast,New,2024-12-22
695,Robert,Ferguson,robert.ferguson695@example.com,Midwest,New,2023-04-22
696,Dean,Roberts,dean.roberts696@example.com,Southeast,New,2023-01-05
697,David,Stewart,david.stewart697@example.com,Midwest,Returning,2023-03-27
698,Wayne,Tucker,wayne.tucker698@example.com,West,High Value,2025-12-22
699,Kevin,Woods,kevin.woods699@example.com,Northeast,Returning,2024-11-02
700,Ricardo,Francis,ricardo.francis700@example.com,Southeast,Returning,2025-03-14
701,Leslie,Ritter,leslie.ritter701@example.com,Southwest,New,2025-08-24
702,Janet,Olson,janet.olson702@example.com,Southwest,Returning,2025-02-24
703,Tyler,Martinez,tyler.martinez703@example.com,West,New,2025-03-25
704,Jason,Simon,jason.simon704@example.com,West,New,2023-02-23
705,Jason,Ochoa,jason.ochoa705@example.com,Northeast,Returning,2025-11-30
706,Anita,Gutierrez,anita.gutierrez706@example.com,Midwest,Returning,2024-12-22
707,Jeremy,Turner,jeremy.turner707@example.com,Northeast,Returning,2024-01-10
708,Christopher,Anderson,christopher.anderson708@example.com,Northeast,New,2025-08-07
709,Cheryl,Mccall,cheryl.mccall709@example.com,Midwest,Loyal,2023-12-10
710,Sandra,Fisher,sandra.fisher710@example.com,Southwest,Returning,2024-10-28
711,Stephanie,Stout,stephanie.stout711@example.com,Northeast,Returning,2023-05-11
712,Mercedes,Hunter,mercedes.hunter712@example.com,Northeast,Returning,2025-12-03
713,Tiffany,King,tiffany.king713@example.com,Southeast,Loyal,2023-08-17
714,Lindsey,Long,lindsey.long714@example.com,West,New,2023-10-10
715,Ryan,Payne,ryan.payne715@example.com,Northeast,Returning,2024-02-11
716,Elizabeth,Morgan,elizabeth.morgan716@example.com,Southwest,New,2023-01-22
717,Margaret,Evans,margaret.evans717@example.com,West,New,2025-03-26
718,Julie,Brown,julie.brown718@example.com,West,New,2024-05-09
719,Benjamin,Bond,benjamin.bond719@example.com,West,High Value,2023-12-17
720,Susan,Fuller,susan.fuller720@example.com,Midwest,Returning,2024-05-06
721,Wendy,Campbell,wendy.campbell721@example.com,Northeast,New,2023-03-19
722,Angela,Smith,angela.smith722@example.com,Midwest,Returning,2023-04-23
723,Joseph,Sawyer,joseph.sawyer723@example.com,Northeast,New,2024-04-14
724,David,Dalton,david.dalton724@example.com,Southwest,New,2024-04-29
725,Yvonne,White,yvonne.white725@example.com,Northeast,New,2023-04-11
726,Jared,Byrd,jared.byrd726@example.com,West,High Value,2025-05-27
727,Valerie,Knight,valerie.knight727@example.com,Midwest,Returning,2025-04-13
728,Nicholas,Fisher,nicholas.fisher728@example.com,Midwest,New,2024-11-18
729,Elizabeth,Carroll,elizabeth.carroll729@example.com,Northeast,Returning,2024-11-29
730,Wendy,Castaneda,wendy.castaneda730@example.com,Southeast,New,2023-06-02
731,Elizabeth,Grant,elizabeth.grant731@example.com,Southeast,New,2025-12-17
732,Travis,Hill,travis.hill732@example.com,West,Returning,2024-12-16
733,Michael,Miles,michael.miles733@example.com,Southeast,New,2025-02-04
734,Rhonda,Hartman,rhonda.hartman734@example.com,Northeast,New,2024-06-09
735,Rebecca,Summers,rebecca.summers735@example.com,Southeast,Loyal,2024-05-02
736,Donna,Barnett,donna.barnett736@example.com,Midwest,Returning,2025-08-17
737,Juan,Torres,juan.torres737@example.com,Midwest,Returning,2024-07-23
738,Mario,Drake,mario.drake738@example.com,West,Returning,2024-12-14
739,Teresa,Graham,teresa.graham739@example.com,Northeast,Loyal,2025-07-04
740,Russell,Alvarez,russell.alvarez740@example.com,Southeast,New,2023-02-24
741,Erika,Johnson,erika.johnson741@example.com,West,High Value,2023-06-03
742,Sarah,Cooper,sarah.cooper742@example.com,Midwest,Loyal,2025-11-14
743,Luis,Smith,luis.smith743@example.com,West,Loyal,2024-03-27
744,Bradley,Duncan,bradley.duncan744@example.com,West,Returning,2025-04-09
745,Christopher,Sosa,christopher.sosa745@example.com,Southwest,New,2024-09-13
746,Emily,Rodriguez,emily.rodriguez746@example.com,Southwest,New,2025-11-15
747,Scott,Cook,scott.cook747@example.com,West,Returning,2025-11-05
748,Anthony,Palmer,anthony.palmer748@example.com,Southwest,Loyal,2023-05-04
749,Natasha,Stevens,natasha.stevens749@example.com,Midwest,New,2024-07-05
750,William,Walker,william.walker750@example.com,Southwest,Returning,2023-12-30
751,Justin,Young,justin.young751@example.com,West,Returning,2025-10-29
752,Ryan,Parker,ryan.parker752@example.com,West,High Value,2024-10-01
753,Nicole,Farrell,nicole.farrell753@example.com,Southeast,New,2025-07-02
754,Jesse,Jones,jesse.jones754@example.com,Southwest,Returning,2024-08-30
755,Julie,Donovan,julie.donovan755@example.com,Southwest,New,2023-06-29
756,Amanda,Lee,amanda.lee756@example.com,Southeast,High Value,2024-11-23
757,Brandi,Anderson,brandi.anderson757@example.com,Southeast,New,2025-11-15
758,Mary,Wolf,mary.wolf758@example.com,Southeast,New,2024-04-11
759,Karen,Mccoy,karen.mccoy759@example.com,Southeast,Returning,2025-01-30
760,Christopher,Taylor,christopher.taylor760@example.com,Northeast,New,2024-03-10
761,Jared,Barnett,jared.barnett761@example.com,West,Returning,2025-04-17
762,Cynthia,Lopez,cynthia.lopez762@example.com,Midwest,Returning,2023-04-05
763,Katherine,Moses,katherine.moses763@example.com,West,New,2024-01-15
764,Michael,Evans,michael.evans764@example.com,Midwest,Returning,2023-06-10
765,Jennifer,Spencer,jennifer.spencer765@example.com,West,Returning,2023-06-10
766,Ashley,Robinson,ashley.robinson766@example.com,Midwest,Loyal,2025-04-19
767,Sarah,Alexander,sarah.alexander767@example.com,Southeast,New,2024-03-19
768,Jessica,Turner,jessica.turner768@example.com,Southeast,Returning,2025-04-30
769,Sarah,Pennington,sarah.pennington769@example.com,Southwest,Loyal,2023-09-17
770,Michael,Kennedy,michael.kennedy770@example.com,West,New,2024-01-08
771,Mary,Turner,mary.turner771@example.com,West,Returning,2025-07-19
772,Melissa,Montoya,melissa.montoya772@example.com,Southeast,Loyal,2023-03-18
773,Gregory,Brady,gregory.brady773@example.com,Southwest,Returning,2025-04-16
774,Richard,Castro,richard.castro774@example.com,Midwest,Loyal,2025-09-27
775,Michele,Johnson,michele.johnson775@example.com,Southwest,Returning,2025-05-04
776,Tanya,Perry,tanya.perry776@example.com,Southeast,Returning,2025-10-14
777,Brent,Mcguire,brent.mcguire777@example.com,Midwest,Returning,2023-11-11
778,April,Estes,april.estes778@example.com,Midwest,New,2024-12-07
779,Frederick,Hutchinson,frederick.hutchinson779@example.com,Northeast,High Value,2024-06-11
780,Maria,Thompson,maria.thompson780@example.com,Midwest,Returning,2025-11-09
781,Angela,Hines,angela.hines781@example.com,Southwest,Loyal,2023-01-26
782,Michelle,Collins,michelle.collins782@example.com,Midwest,High Value,2023-06-09
783,Andrea,Collins,andrea.collins783@example.com,Northeast,Returning,2023-03-16
784,Steve,Baldwin,steve.baldwin784@example.com,Midwest,New,2025-01-17
785,Wesley,Reyes,wesley.reyes785@example.com,Southwest,New,2024-10-04
786,Cynthia,Goodman,cynthia.goodman786@example.com,Southeast,Returning,2023-08-29
787,Jessica,Robinson,jessica.robinson787@example.com,Southwest,New,2023-10-26
788,Michelle,Cameron,michelle.cameron788@example.com,Northeast,New,2025-05-03
789,Aaron,Taylor,aaron.taylor789@example.com,Northeast,Returning,2023-11-13
790,James,Diaz,james.diaz790@example.com,Southeast,Returning,2024-09-07
791,Sarah,Thompson,sarah.thompson791@example.com,West,Returning,2023-05-11
792,Patrick,Stevens,patrick.stevens792@example.com,Southwest,New,2024-03-27
793,Sherri,Aguilar,sherri.aguilar793@example.com,Southeast,Returning,2023-04-16
794,Darren,Clarke,darren.clarke794@example.com,Midwest,New,2025-01-17
795,Timothy,Clark,timothy.clark795@example.com,Southeast,New,2023-05-13
796,Katherine,Miller,katherine.miller796@example.com,Southeast,Returning,2025-03-10
797,Eduardo,Woodard,eduardo.woodard797@example.com,Northeast,New,2024-07-04
798,Amber,Peters,amber.peters798@example.com,West,Loyal,2023-10-21
799,Joseph,Young,joseph.young799@example.com,Southeast,New,2025-02-06
800,Anna,Carter,anna.carter800@example.com,Southeast,New,2024-05-28
801,Joseph,Perez,joseph.perez801@example.com,West,New,2023-02-18
802,Lisa,Lee,lisa.lee802@example.com,West,Returning,2024-02-26
803,Joyce,Kennedy,joyce.kennedy803@example.com,Southwest,New,2025-10-08
804,Shirley,Levine,shirley.levine804@example.com,Northeast,High Value,2024-12-09
805,Michelle,Hall,michelle.hall805@example.com,West,High Value,2023-06-10
806,Matthew,Bishop,matthew.bishop806@example.com,Northeast,Returning,2024-01-27
807,Carlos,Lopez,carlos.lopez807@example.com,Southwest,Returning,2024-02-07
808,Victoria,Jones,victoria.jones808@example.com,Southeast,Loyal,2023-04-11
809,Paula,Fowler,paula.fowler809@example.com,Southeast,High Value,2025-04-13
810,James,Howe,james.howe810@example.com,Northeast,Loyal,2023-05-22
811,Janet,Taylor,janet.taylor811@example.com,West,Loyal,2023-11-06
812,Christopher,Hall,christopher.hall812@example.com,Midwest,Loyal,2023-10-24
813,John,Henderson,john.henderson813@example.com,Southeast,Returning,2024-12-28
814,Heather,Haynes,heather.haynes814@example.com,Northeast,Returning,2023-01-07
815,Herbert,Dyer,herbert.dyer815@example.com,Southwest,New,2025-11-15
816,Julie,Wong,julie.wong816@example.com,Southwest,New,2024-08-04
817,Kathleen,Pope,kathleen.pope817@example.com,Southwest,New,2023-05-27
818,David,Ruiz,david.ruiz818@example.com,Southwest,New,2025-01-21
819,Mary,Hickman,mary.hickman819@example.com,Northeast,Loyal,2023-11-20
820,Alexa,Allison,alexa.allison820@example.com,Southeast,Loyal,2025-06-06
821,Tina,Kramer,tina.kramer821@example.com,Northeast,Returning,2025-01-06
822,James,Love,james.love822@example.com,Southeast,New,2024-11-24
823,Sarah,Little,sarah.little823@example.com,West,New,2025-09-27
824,Philip,Hudson,philip.hudson824@example.com,Northeast,New,2023-05-21
825,Marcus,Chung,marcus.chung825@example.com,Midwest,Returning,2024-12-23
826,Jessica,Li,jessica.li826@example.com,Southwest,New,2023-01-29
827,Samantha,Escobar,samantha.escobar827@example.com,Southeast,Returning,2023-02-03
828,Jamie,Sanford,jamie.sanford828@example.com,Southeast,Loyal,2025-09-27
829,Shawn,Brown,shawn.brown829@example.com,Northeast,Returning,2024-11-20
830,Anthony,Hubbard,anthony.hubbard830@example.com,Midwest,Returning,2023-12-09
831,Drew,Curtis,drew.curtis831@example.com,Southeast,New,2024-05-19
832,Denise,Garcia,denise.garcia832@example.com,Southeast,High Value,2023-10-02
833,Dawn,Gay,dawn.gay833@example.com,Southeast,New,2024-08-28
834,David,Campbell,david.campbell834@example.com,West,Returning,2023-07-07
835,Rachael,Johnson,rachael.johnson835@example.com,Northeast,Returning,2024-01-09
836,Melissa,Bailey,melissa.bailey836@example.com,Midwest,New,2024-02-02
837,Bryan,Roberts,bryan.roberts837@example.com,Midwest,Loyal,2023-06-24
838,Donna,Gregory,donna.gregory838@example.com,Midwest,Returning,2023-04-21
839,Jacqueline,Thompson,jacqueline.thompson839@example.com,Midwest,New,2024-01-27
840,Karen,Wolfe,karen.wolfe840@example.com,Southeast,New,2025-12-11
841,John,Montgomery,john.montgomery841@example.com,Northeast,New,2024-11-09
842,David,Mendez,david.mendez842@example.com,Southwest,New,2024-05-01
843,Shane,Henderson,shane.henderson843@example.com,Midwest,Returning,2023-02-27
844,April,Jennings,april.jennings844@example.com,West,New,2025-09-30
845,George,Blackwell,george.blackwell845@example.com,Northeast,High Value,2025-08-26
846,Jared,Davis,jared.davis846@example.com,Southwest,Loyal,2024-01-12
847,Keith,Berry,keith.berry847@example.com,Midwest,New,2024-03-29
848,Kathy,Clayton,kathy.clayton848@example.com,Southeast,New,2025-04-04
849,Laura,Silva,laura.silva849@example.com,Southwest,Returning,2025-03-25
850,Sergio,Koch,sergio.koch850@example.com,Northeast,Returning,2025-11-20
851,Donald,Davis,donald.davis851@example.com,Midwest,Returning,2023-02-14
852,Alison,Scott,alison.scott852@example.com,Midwest,High Value,2023-11-14
853,Stephen,Patterson,stephen.patterson853@example.com,Southwest,Returning,2023-05-28
854,Annette,Thomas,annette.thomas854@example.com,West,New,2023-11-12
855,Amanda,Porter,amanda.porter855@example.com,Southeast,New,2023-09-09
856,Daniel,Clayton,daniel.clayton856@example.com,Southeast,New,2025-08-21
857,Diane,Deleon,diane.deleon857@example.com,Southeast,Returning,2023-11-18
858,Amy,Williams,amy.williams858@example.com,Southeast,Returning,2025-10-15
859,Anna,Hicks,anna.hicks859@example.com,Northeast,New,2025-10-10
860,Richard,Wong,richard.wong860@example.com,Southwest,Returning,2023-09-28
861,Angela,Berry,angela.berry861@example.com,Northeast,New,2024-09-15
862,Laura,Ward,laura.ward862@example.com,Northeast,New,2023-06-12
863,Randy,Lutz,randy.lutz863@example.com,Midwest,Loyal,2025-07-19
864,Sarah,Ortiz,sarah.ortiz864@example.com,Northeast,High Value,2023-05-21
865,James,Williams,james.williams865@example.com,Southwest,Loyal,2025-03-03
866,Stefanie,Waters,stefanie.waters866@example.com,Midwest,Returning,2025-02-04
867,William,Pierce,william.pierce867@example.com,Southeast,Loyal,2025-03-20
868,Bailey,Lawson,bailey.lawson868@example.com,Midwest,Returning,2025-11-07
869,Stacy,Green,stacy.green869@example.com,Southeast,Returning,2025-10-28
870,Jamie,Matthews,jamie.matthews870@example.com,Midwest,Loyal,2024-04-12
871,Benjamin,Miller,benjamin.miller871@example.com,Midwest,New,2025-09-27
872,Michelle,Kemp,michelle.kemp872@example.com,Southeast,High Value,2024-11-25
873,Andrew,Warren,andrew.warren873@example.com,Midwest,Returning,2024-07-03
874,Joseph,Lee,joseph.lee874@example.com,West,New,2024-08-05
875,Dan,Terry,dan.terry875@example.com,West,High Value,2024-08-06
876,Adam,Garcia,adam.garcia876@example.com,Midwest,New,2024-09-01
877,David,Hopkins,david.hopkins877@example.com,Midwest,Returning,2023-11-19
878,Autumn,Thompson,autumn.thompson878@example.com,Southwest,Loyal,2023-02-21
879,April,Galloway,april.galloway879@example.com,Southeast,Returning,2024-04-24
880,Daniel,Jackson,daniel.jackson880@example.com,West,Returning,2023-09-06
881,Wendy,Martin,wendy.martin881@example.com,West,Returning,2025-12-09
882,John,Garza,john.garza882@example.com,Southwest,New,2024-04-30
883,Eugene,Fernandez,eugene.fernandez883@example.com,Southwest,Returning,2025-10-12
884,Teresa,Atkins,teresa.atkins884@example.com,West,Loyal,2024-10-28
885,James,White,james.white885@example.com,Southwest,New,2024-12-04
886,Wesley,Adams,wesley.adams886@example.com,Southeast,New,2024-04-06
887,John,Morrison,john.morrison887@example.com,Midwest,New,2025-07-28
888,Donald,Brooks,donald.brooks888@example.com,Midwest,New,2025-01-02
889,Matthew,Neal,matthew.neal889@example.com,Southwest,New,2023-07-18
890,Mary,Stanley,mary.stanley890@example.com,Northeast,Loyal,2024-03-05
891,Katelyn,Baxter,katelyn.baxter891@example.com,Southwest,Returning,2023-10-21
892,Howard,Moore,howard.moore892@example.com,West,Returning,2023-09-07
893,Andrea,Robinson,andrea.robinson893@example.com,Northeast,Returning,2023-11-03
894,Felicia,Ruiz,felicia.ruiz894@example.com,West,Returning,2025-08-26
895,Tanya,Rowe,tanya.rowe895@example.com,Midwest,Returning,2024-02-08
896,Patricia,Taylor,patricia.taylor896@example.com,West,High Value,2023-08-11
897,Ryan,King,ryan.king897@example.com,Southwest,New,2025-05-08
898,Bethany,Robinson,bethany.robinson898@example.com,Southwest,New,2024-04-03
899,Susan,Hansen,susan.hansen899@example.com,Midwest,New,2023-02-19
900,Felicia,Owens,felicia.owens900@example.com,West,New,2025-02-01
901,Lisa,Parker,lisa.parker901@example.com,West,Returning,2025-01-29
902,Bruce,Hahn,bruce.hahn902@example.com,West,Loyal,2024-11-05
903,Robert,Smith,robert.smith903@example.com,Southeast,Returning,2023-09-08
904,Alexis,Walker,alexis.walker904@example.com,Southwest,New,2025-09-17
905,Melanie,Boyd,melanie.boyd905@example.com,Midwest,Loyal,2024-02-26
906,Margaret,Clark,margaret.clark906@example.com,West,Returning,2025-08-08
907,Erin,Smith,erin.smith907@example.com,Northeast,Returning,2025-07-25
908,Robert,Davis,robert.davis908@example.com,West,New,2023-01-17
909,Amanda,Smith,amanda.smith909@example.com,Northeast,Loyal,2023-04-25
910,Jeffrey,Levine,jeffrey.levine910@example.com,Southeast,New,2024-08-21
911,Kimberly,Berger,kimberly.berger911@example.com,Midwest,Loyal,2023-06-30
912,Sara,Boone,sara.boone912@example.com,Northeast,New,2023-11-16
913,Jackie,Jordan,jackie.jordan913@example.com,West,Loyal,2024-10-10
914,Jacob,Crawford,jacob.crawford914@example.com,Southeast,New,2025-06-21
915,Benjamin,May,benjamin.may915@example.com,Northeast,Loyal,2024-12-29
916,Stacey,Klein,stacey.klein916@example.com,Northeast,High Value,2024-03-30
917,Christopher,Pollard,christopher.pollard917@example.com,West,New,2024-11-10
918,Jamie,Patel,jamie.patel918@example.com,Midwest,Returning,2025-04-26
919,Joann,Johnson,joann.johnson919@example.com,West,Returning,2024-12-03
920,Ana,Acevedo,ana.acevedo920@example.com,Midwest,Loyal,2023-08-06
921,Cody,Garner,cody.garner921@example.com,West,New,2025-12-04
922,Kimberly,Torres,kimberly.torres922@example.com,Southwest,New,2025-04-16
923,Samantha,Krueger,samantha.krueger923@example.com,Northeast,Loyal,2025-12-28
924,Laura,Allen,laura.allen924@example.com,Southwest,Returning,2025-08-24
925,Cody,Pruitt,cody.pruitt925@example.com,Southeast,High Value,2023-12-07
926,David,Carter,david.carter926@example.com,Northeast,Loyal,2023-10-29
927,April,Smith,april.smith927@example.com,Southwest,Loyal,2025-04-02
928,Sherry,Booker,sherry.booker928@example.com,Midwest,Returning,2025-11-09
929,Margaret,Guerrero,margaret.guerrero929@example.com,Southwest,High Value,2023-07-04
930,Linda,Myers,linda.myers930@example.com,Southeast,Returning,2025-02-27
931,Miranda,Garcia,miranda.garcia931@example.com,Southwest,Loyal,2024-02-01
932,Adam,Davis,adam.davis932@example.com,Midwest,New,2023-03-16
933,Joseph,Ingram,joseph.ingram933@example.com,West,High Value,2023-02-24
934,John,Peterson,john.peterson934@example.com,Southeast,Returning,2023-02-10
935,Linda,Moon,linda.moon935@example.com,Southwest,Loyal,2023-08-02
936,Jessica,Smith,jessica.smith936@example.com,Southeast,New,2024-10-29
937,Cory,Reed,cory.reed937@example.com,Midwest,New,2023-01-20
938,Linda,Nelson,linda.nelson938@example.com,Southwest,High Value,2023-03-29
939,Elizabeth,Whitehead,elizabeth.whitehead939@example.com,Southwest,High Value,2025-06-19
940,Kylie,Hill,kylie.hill940@example.com,Southwest,Returning,2024-03-28
941,Shawn,George,shawn.george941@example.com,Southwest,Returning,2025-07-01
942,Blake,Hernandez,blake.hernandez942@example.com,West,Loyal,2025-05-28
943,Kyle,Taylor,kyle.taylor943@example.com,Southeast,Returning,2023-12-19
944,Michael,Miranda,michael.miranda944@example.com,Southeast,Loyal,2023-02-11
945,Seth,Nash,seth.nash945@example.com,Midwest,Loyal,2025-08-13
946,Sandra,Rodriguez,sandra.rodriguez946@example.com,Southeast,High Value,2025-12-27
947,Michael,Clayton,michael.clayton947@example.com,Midwest,Loyal,2024-07-22
948,Dale,Flores,dale.flores948@example.com,Northeast,Loyal,2025-03-19
949,Patricia,Espinoza,patricia.espinoza949@example.com,West,Loyal,2025-12-30
950,Connie,Campbell,connie.campbell950@example.com,Southwest,Returning,2025-06-17
951,Alexander,Graham,alexander.graham951@example.com,Northeast,New,2025-09-10
952,Leonard,Parker,leonard.parker952@example.com,Northeast,Returning,2024-11-16
953,Nicole,Holden,nicole.holden953@example.com,West,Returning,2024-09-17
954,William,Rivera,william.rivera954@example.com,West,Returning,2024-03-29
955,Derrick,Garcia,derrick.garcia955@example.com,Southwest,Returning,2024-11-05
956,Michael,Green,michael.green956@example.com,Southeast,Loyal,2025-03-07
957,Diane,Spencer,diane.spencer957@example.com,West,New,2024-01-05
958,Courtney,Tucker,courtney.tucker958@example.com,West,New,2024-07-17
959,Kaitlyn,Livingston,kaitlyn.livingston959@example.com,Southwest,Loyal,2024-06-22
960,Joyce,Johnson,joyce.johnson960@example.com,Southwest,New,2025-05-20
961,Allison,Ochoa,allison.ochoa961@example.com,Southeast,Returning,2023-12-11
962,Katherine,Golden,katherine.golden962@example.com,Midwest,Loyal,2025-02-01
963,Mark,Ross,mark.ross963@example.com,Southwest,New,2024-05-12
964,Edward,Moore,edward.moore964@example.com,Midwest,Returning,2023-06-23
965,Cheryl,Franklin,cheryl.franklin965@example.com,Southeast,Returning,2024-07-21
966,Dominic,Hernandez,dominic.hernandez966@example.com,Southeast,New,2025-01-05
967,Christine,Carter,christine.carter967@example.com,Southeast,Returning,2024-11-12
968,Bryan,Wright,bryan.wright968@example.com,Southeast,Loyal,2023-04-16
969,Johnny,Cook,johnny.cook969@example.com,Midwest,Returning,2023-03-24
970,Suzanne,Jackson,suzanne.jackson970@example.com,Southeast,New,2024-02-18
971,Jennifer,Hunter,jennifer.hunter971@example.com,Southeast,Returning,2023-06-14
972,Peter,Williams,peter.williams972@example.com,Northeast,High Value,2025-09-01
973,Sabrina,Young,sabrina.young973@example.com,Southeast,New,2025-11-18
974,Laurie,Lowe,laurie.lowe974@example.com,Southwest,Loyal,2025-12-26
975,Jessica,Kennedy,jessica.kennedy975@example.com,Northeast,New,2024-04-12
976,Joseph,Bradford,joseph.bradford976@example.com,Southwest,Returning,2025-06-18
977,Timothy,Mckenzie,timothy.mckenzie977@example.com,Midwest,Returning,2025-10-22
978,Kathy,Lopez,kathy.lopez978@example.com,Midwest,New,2024-10-21
979,Kathleen,Huang,kathleen.huang979@example.com,Southwest,Loyal,2025-12-22
980,Robert,Lopez,robert.lopez980@example.com,Midwest,Loyal,2023-12-31
981,Barbara,Lowery,barbara.lowery981@example.com,Southwest,New,2023-08-25
982,Debra,Morgan,debra.morgan982@example.com,Southwest,New,2024-11-29
983,Pamela,Sloan,pamela.sloan983@example.com,Northeast,New,2023-03-26
984,Amy,Dunn,amy.dunn984@example.com,Northeast,Returning,2024-06-07
985,Steve,Mays,steve.mays985@example.com,Northeast,Loyal,2025-12-13
986,Marcus,Riley,marcus.riley986@example.com,Southeast,New,2023-12-08
987,Kenneth,Joseph,kenneth.joseph987@example.com,Southwest,High Value,2024-01-27
988,James,Chaney,james.chaney988@example.com,Southeast,New,2023-02-16
989,Katelyn,Palmer,katelyn.palmer989@example.com,Northeast,Loyal,2025-11-19
990,Brian,Daniels,brian.daniels990@example.com,Northeast,Returning,2025-11-25
991,Sara,Poole,sara.poole991@example.com,Midwest,Loyal,2024-08-03
992,Samantha,Neal,samantha.neal992@example.com,Southwest,New,2025-05-01
993,Deborah,Strong,deborah.strong993@example.com,West,Returning,2025-11-18
994,Joseph,Mcguire,joseph.mcguire994@example.com,Southeast,New,2025-07-02
995,Scott,Ryan,scott.ryan995@example.com,Northeast,Loyal,2025-06-22
996,Shannon,Cooper,shannon.cooper996@example.com,Southeast,Returning,2025-08-24
997,Jennifer,Perry,jennifer.perry997@example.com,Southwest,New,2025-04-20
998,Kimberly,Carlson,kimberly.carlson998@example.com,Southwest,New,2025-11-19
999,Antonio,Frank,antonio.frank999@example.com,Midwest,New,2024-11-17
1000,Samantha,Fleming,samantha.fleming1000@example.com,Midwest,Loyal,2024-10-13
1001,Dustin,Robinson,dustin.robinson1001@example.com,Southwest,Loyal,2023-09-23
1002,Melissa,Henderson,melissa.henderson1002@example.com,Midwest,New,2024-05-25
1003,Carrie,Rogers,carrie.rogers1003@example.com,Southwest,New,2023-12-07
1004,Erin,Craig,erin.craig1004@example.com,Midwest,Loyal,2023-07-05
1005,Lisa,Hamilton,lisa.hamilton1005@example.com,West,Loyal,2023-10-01
1006,James,Turner,james.turner1006@example.com,Northeast,New,2025-12-23
1007,Gina,Harris,gina.harris1007@example.com,Southeast,New,2023-04-14
1008,David,Thomas,david.thomas1008@example.com,Southeast,New,2024-08-28
1009,Amanda,Dunn,amanda.dunn1009@example.com,Southeast,Returning,2025-11-24
1010,Natalie,Young,natalie.young1010@example.com,Southeast,Returning,2025-01-29
1011,Kevin,Davies,kevin.davies1011@example.com,Northeast,Loyal,2025-09-04
1012,Mark,Smith,mark.smith1012@example.com,Midwest,New,2023-10-17
1013,Joseph,Barnes,joseph.barnes1013@example.com,Southwest,Returning,2025-04-25
1014,Russell,White,russell.white1014@example.com,West,Returning,2024-01-16
1015,Shannon,Ramirez,shannon.ramirez1015@example.com,Midwest,New,2024-08-01
1016,Michele,Larson,michele.larson1016@example.com,Southeast,Returning,2024-12-03
1017,Dennis,Williams,dennis.williams1017@example.com,Northeast,Returning,2023-12-10
1018,Tracy,Rodriguez,tracy.rodriguez1018@example.com,West,New,2023-01-16
1019,Timothy,Williams,timothy.williams1019@example.com,Midwest,New,2025-11-28
1020,Lauren,Marshall,lauren.marshall1020@example.com,Southeast,Loyal,2023-09-21
1021,James,Martinez,james.martinez1021@example.com,Southeast,Returning,2024-10-26
1022,Margaret,Hernandez,margaret.hernandez1022@example.com,Southeast,New,2024-02-27
1023,Jeffrey,Davis,jeffrey.davis1023@example.com,Midwest,High Value,2023-07-16
1024,Nathan,Hart,nathan.hart1024@example.com,Southwest,Loyal,2023-08-31
1025,Patricia,Thompson,patricia.thompson1025@example.com,Southeast,New,2023-01-15
1026,David,Strickland,david.strickland1026@example.com,West,Returning,2024-07-02
1027,Kristin,Smith,kristin.smith1027@example.com,West,New,2024-11-15
1028,Clarence,Hardin,clarence.hardin1028@example.com,Southwest,New,2024-02-06
1029,Jesse,Richmond,jesse.richmond1029@example.com,Southeast,High Value,2025-11-11
1030,Jennifer,Owens,jennifer.owens1030@example.com,Southwest,Returning,2023-04-29
1031,Scott,Ellis,scott.ellis1031@example.com,West,High Value,2025-12-08
1032,Tracy,Richards,tracy.richards1032@example.com,Northeast,Returning,2024-02-17
1033,Kelly,Bailey,kelly.bailey1033@example.com,West,Loyal,2024-01-27
1034,Michael,Mathews,michael.mathews1034@example.com,Midwest,New,2024-05-14
1035,Theodore,Fitzpatrick,theodore.fitzpatrick1035@example.com,Midwest,New,2024-07-12
1036,Eric,Meyer,eric.meyer1036@example.com,Northeast,Returning,2024-06-30
1037,Michelle,Allen,michelle.allen1037@example.com,West,Loyal,2023-04-15
1038,Christian,Dawson,christian.dawson1038@example.com,Southeast,Loyal,2025-04-13
1039,Bridget,Miles,bridget.miles1039@example.com,Northeast,Returning,2024-08-15
1040,Anthony,Meyer,anthony.meyer1040@example.com,Southwest,New,2023-03-06
1041,James,Wong,james.wong1041@example.com,West,Loyal,2025-02-10
1042,Lindsay,Cantu,lindsay.cantu1042@example.com,Midwest,Loyal,2025-12-08
1043,Richard,Mcintosh,richard.mcintosh1043@example.com,Northeast,Loyal,2023-05-21
1044,Mark,Anderson,mark.anderson1044@example.com,Northeast,New,2025-08-12
1045,Thomas,Yoder,thomas.yoder1045@example.com,Northeast,High Value,2023-08-14
1046,Heather,Harris,heather.harris1046@example.com,Midwest,Returning,2024-02-09
1047,Amy,Thompson,amy.thompson1047@example.com,Northeast,New,2025-09-29
1048,Carlos,Lucero,carlos.lucero1048@example.com,Southeast,High Value,2025-08-18
1049,Thomas,Gray,thomas.gray1049@example.com,Southeast,New,2025-06-21
1050,Lisa,Fernandez,lisa.fernandez1050@example.com,Midwest,New,2024-05-11
1051,Thomas,Park,thomas.park1051@example.com,Southwest,High Value,2025-05-07
1052,Karen,Byrd,karen.byrd1052@example.com,Midwest,Returning,2024-03-01
1053,Catherine,Greer,catherine.greer1053@example.com,Northeast,New,2024-04-21
1054,Carrie,Bruce,carrie.bruce1054@example.com,Southwest,Returning,2024-04-18
1055,Rodney,Garrison,rodney.garrison1055@example.com,West,New,2023-10-16
1056,Jeffrey,Rodriguez,jeffrey.rodriguez1056@example.com,Southeast,New,2023-02-11
1057,Beverly,Young,beverly.young1057@example.com,Midwest,Loyal,2023-04-30
1058,Christopher,Bradley,christopher.bradley1058@example.com,Southwest,Returning,2024-11-27
1059,Michael,Washington,michael.washington1059@example.com,Northeast,Returning,2025-06-28
1060,Cynthia,Palmer,cynthia.palmer1060@example.com,West,Returning,2025-08-11
1061,William,Fernandez,william.fernandez1061@example.com,Southeast,New,2024-10-09
1062,Ralph,Cole,ralph.cole1062@example.com,Southeast,New,2025-10-03
1063,Laura,White,laura.white1063@example.com,Northeast,New,2023-04-23
1064,Colleen,Roach,colleen.roach1064@example.com,Northeast,Returning,2024-07-27
1065,Jose,Contreras,jose.contreras1065@example.com,Southeast,New,2023-04-28
1066,Douglas,Baker,douglas.baker1066@example.com,Northeast,New,2023-07-30
1067,Shawna,Tucker,shawna.tucker1067@example.com,Midwest,New,2025-10-29
1068,Julian,Wilson,julian.wilson1068@example.com,Southwest,Returning,2025-05-27
1069,Steven,Lambert,steven.lambert1069@example.com,Southeast,New,2023-02-07
1070,Stephanie,Kim,stephanie.kim1070@example.com,Southwest,New,2023-03-14
1071,Joshua,Durham,joshua.durham1071@example.com,Southwest,Returning,2023-07-13
1072,Brittany,Hammond,brittany.hammond1072@example.com,Southwest,New,2024-02-15
1073,Colleen,Bailey,colleen.bailey1073@example.com,Midwest,Returning,2024-02-24
1074,Morgan,Ross,morgan.ross1074@example.com,Midwest,New,2024-08-28
1075,Melvin,Smith,melvin.smith1075@example.com,West,Loyal,2025-03-03
1076,Michelle,Rocha,michelle.rocha1076@example.com,West,High Value,2025-11-25
1077,Robert,Bradley,robert.bradley1077@example.com,Northeast,Returning,2025-10-23
1078,Rhonda,Clark,rhonda.clark1078@example.com,Southwest,Returning,2023-04-03
1079,Michael,Jones,michael.jones1079@example.com,Southeast,High Value,2024-09-04
1080,John,Miller,john.miller1080@example.com,Northeast,Returning,2025-04-15
1081,Stephanie,Roberts,stephanie.roberts1081@example.com,Northeast,Loyal,2024-05-23
1082,Anthony,Bailey,anthony.bailey1082@example.com,Southeast,Returning,2023-03-03
1083,Brian,Rhodes,brian.rhodes1083@example.com,Southwest,New,2025-12-18
1084,Toni,Smith,toni.smith1084@example.com,Southeast,New,2023-12-15
1085,Megan,Hart,megan.hart1085@example.com,Northeast,Returning,2023-02-11
1086,Jason,Preston,jason.preston1086@example.com,Northeast,Returning,2023-11-12
1087,Eric,Arnold,eric.arnold1087@example.com,Southwest,New,2023-10-29
1088,Kyle,Roberson,kyle.roberson1088@example.com,West,High Value,2023-09-28
1089,Damon,Peterson,damon.peterson1089@example.com,Northeast,New,2023-06-27
1090,Tabitha,Powers,tabitha.powers1090@example.com,Southwest,New,2023-07-27
1091,Christopher,Wilson,christopher.wilson1091@example.com,Northeast,Returning,2023-10-19
1092,Joel,Munoz,joel.munoz1092@example.com,Southwest,Loyal,2024-12-13
1093,Robyn,Hartman,robyn.hartman1093@example.com,Southeast,High Value,2025-06-14
1094,Natalie,Torres,natalie.torres1094@example.com,Southwest,Loyal,2025-05-31
1095,Ricardo,Sullivan,ricardo.sullivan1095@example.com,Southeast,New,2025-07-13
1096,Paula,Salas,paula.salas1096@example.com,Southeast,Returning,2023-04-17
1097,Shannon,Benjamin,shannon.benjamin1097@example.com,Northeast,New,2023-11-28
1098,Jennifer,Mullins,jennifer.mullins1098@example.com,Northeast,Returning,2025-01-25
1099,Debbie,Barton,debbie.barton1099@example.com,Southeast,Returning,2023-11-02
1100,Ronnie,Smith,ronnie.smith1100@example.com,West,Returning,2024-12-16
1101,Philip,Navarro,philip.navarro1101@example.com,Midwest,New,2023-01-10
1102,Jonathan,Ward,jonathan.ward1102@example.com,Southwest,Returning,2025-12-11
1103,Charles,Smith,charles.smith1103@example.com,Southeast,Returning,2025-05-08
1104,Craig,Fry,craig.fry1104@example.com,Southeast,Loyal,2025-12-21
1105,Mark,Smith,mark.smith1105@example.com,Southeast,Returning,2025-12-24
1106,Barbara,Santana,barbara.santana1106@example.com,Northeast,Returning,2023-02-10
1107,Kristy,Arroyo,kristy.arroyo1107@example.com,West,Returning,2025-01-21
1108,Christian,Taylor,christian.taylor1108@example.com,Northeast,Loyal,2025-03-08
1109,Amber,Schmidt,amber.schmidt1109@example.com,Southeast,Returning,2025-05-06
1110,Gregory,Howard,gregory.howard1110@example.com,Northeast,New,2025-07-09
1111,Patricia,Golden,patricia.golden1111@example.com,Northeast,Returning,2025-04-23
1112,David,Benjamin,david.benjamin1112@example.com,Northeast,Loyal,2024-03-31
1113,Alyssa,Garrett,alyssa.garrett1113@example.com,Northeast,Returning,2025-11-23
1114,Suzanne,Bennett,suzanne.bennett1114@example.com,Northeast,Returning,2024-07-08
1115,Lori,Mann,lori.mann1115@example.com,Midwest,New,2023-11-13
1116,Justin,Thomas,justin.thomas1116@example.com,West,Returning,2025-01-12
1117,Jessica,Knight,jessica.knight1117@example.com,Southeast,New,2023-06-10
1118,Michael,Carroll,michael.carroll1118@example.com,Midwest,Loyal,2023-02-05
1119,Jeffrey,Pitts,jeffrey.pitts1119@example.com,Southeast,Returning,2025-09-16
1120,Wesley,Mccullough,wesley.mccullough1120@example.com,Southeast,Returning,2023-06-20
1121,Matthew,Zhang,matthew.zhang1121@example.com,Southwest,New,2024-08-14
1122,Alan,Jimenez,alan.jimenez1122@example.com,Midwest,New,2024-05-02
1123,Faith,Andrews,faith.andrews1123@example.com,Midwest,New,2024-09-12
1124,Nicole,Bishop,nicole.bishop1124@example.com,Southwest,Returning,2023-05-05
1125,Courtney,Stone,courtney.stone1125@example.com,Southeast,Returning,2024-05-29
1126,Lisa,Hale,lisa.hale1126@example.com,Midwest,Returning,2025-09-22
1127,Daniel,Brown,daniel.brown1127@example.com,West,New,2024-04-25
1128,Aaron,Williams,aaron.williams1128@example.com,Northeast,Returning,2023-03-24
1129,Jennifer,Johnson,jennifer.johnson1129@example.com,Southwest,Loyal,2024-06-27
1130,Jamie,Bennett,jamie.bennett1130@example.com,West,New,2024-12-02
1131,Rachel,Rhodes,rachel.rhodes1131@example.com,Northeast,Loyal,2023-06-06
1132,William,Thornton,william.thornton1132@example.com,Midwest,High Value,2023-04-10
1133,Keith,Jimenez,keith.jimenez1133@example.com,West,Returning,2023-09-19
1134,Jason,Lee,jason.lee1134@example.com,Northeast,New,2025-07-02
1135,William,Ross,william.ross1135@example.com,Midwest,Returning,2023-11-20
1136,Amanda,Serrano,amanda.serrano1136@example.com,Midwest,Returning,2025-10-05
1137,Jason,Goodwin,jason.goodwin1137@example.com,Northeast,Returning,2025-02-20
1138,Lisa,Jones,lisa.jones1138@example.com,Northeast,New,2025-08-27
1139,Cynthia,Mccoy,cynthia.mccoy1139@example.com,Northeast,Loyal,2025-02-28
1140,Brianna,Baker,brianna.baker1140@example.com,Southeast,New,2025-07-07
1141,Thomas,Rosario,thomas.rosario1141@example.com,West,New,2023-07-04
1142,James,Lester,james.lester1142@example.com,West,New,2024-05-20
1143,Melissa,Roberts,melissa.roberts1143@example.com,Midwest,New,2023-03-18
1144,James,Pitts,james.pitts1144@example.com,Southeast,New,2025-03-07
1145,Matthew,Mcintosh,matthew.mcintosh1145@example.com,Southwest,Loyal,2024-04-07
1146,Wendy,Cantrell,wendy.cantrell1146@example.com,Southeast,New,2025-04-23
1147,Amy,Harris,amy.harris1147@example.com,Southeast,New,2025-12-28
1148,Angela,Curtis,angela.curtis1148@example.com,Northeast,Returning,2024-09-06
1149,Sierra,Zuniga,sierra.zuniga1149@example.com,West,New,2024-02-12
1150,Paul,Park,paul.park1150@example.com,Midwest,High Value,2025-02-27
1151,John,Fernandez,john.fernandez1151@example.com,West,High Value,2024-12-05
1152,Brenda,Lee,brenda.lee1152@example.com,Northeast,Loyal,2025-05-22
1153,Carolyn,Watts,carolyn.watts1153@example.com,Southwest,New,2024-04-21
1154,David,Conner,david.conner1154@example.com,West,Returning,2023-08-13
1155,Allison,Green,allison.green1155@example.com,Midwest,New,2024-01-07
1156,Andrea,Baker,andrea.baker1156@example.com,West,Returning,2023-04-08
1157,Jeffrey,Lopez,jeffrey.lopez1157@example.com,West,New,2023-02-08
1158,Eric,Murphy,eric.murphy1158@example.com,West,Loyal,2023-06-21
1159,Herbert,Martinez,herbert.martinez1159@example.com,West,New,2023-06-02
1160,Brandy,Newton,brandy.newton1160@example.com,Northeast,Returning,2024-07-08
1161,Rebecca,Taylor,rebecca.taylor1161@example.com,Southwest,Returning,2024-12-04
1162,Alicia,Brown,alicia.brown1162@example.com,West,Returning,2023-09-11
1163,Laura,Rodriguez,laura.rodriguez1163@example.com,West,New,2024-10-29
1164,John,Moody,john.moody1164@example.com,Southeast,Loyal,2023-07-21
1165,Michael,Vega,michael.vega1165@example.com,Midwest,Returning,2023-03-17
1166,Kathleen,Jenkins,kathleen.jenkins1166@example.com,Midwest,High Value,2024-04-23
1167,William,Sanders,william.sanders1167@example.com,Midwest,Returning,2025-07-15
1168,David,Davidson,david.davidson1168@example.com,West,Returning,2024-02-20
1169,Bryan,Perry,bryan.perry1169@example.com,Southeast,New,2024-10-01
1170,Scott,Brooks,scott.brooks1170@example.com,Midwest,High Value,2025-08-14
1171,Shane,Hernandez,shane.hernandez1171@example.com,West,Returning,2024-03-27
1172,Jesse,Benjamin,jesse.benjamin1172@example.com,West,High Value,2024-11-30
1173,Brenda,Huffman,brenda.huffman1173@example.com,Southwest,Returning,2025-03-21
1174,Kellie,Ross,kellie.ross1174@example.com,West,High Value,2025-04-26
1175,Walter,Solomon,walter.solomon1175@example.com,Southwest,Returning,2025-05-06
1176,Gabriel,Kennedy,gabriel.kennedy1176@example.com,West,New,2024-07-01
1177,Valerie,Copeland,valerie.copeland1177@example.com,West,Returning,2025-07-04
1178,Lori,Johnson,lori.johnson1178@example.com,Midwest,Returning,2024-01-17
1179,Jeanette,Campos,jeanette.campos1179@example.com,Midwest,New,2025-11-01
1180,Stephen,Brown,stephen.brown1180@example.com,West,Returning,2024-01-29
1181,Stephen,Hanson,stephen.hanson1181@example.com,Southeast,Returning,2023-05-14
1182,William,Thomas,william.thomas1182@example.com,Midwest,New,2025-08-23
1183,Brittany,Nunez,brittany.nunez1183@example.com,West,Loyal,2025-07-13
1184,Stacey,Wolfe,stacey.wolfe1184@example.com,Southwest,New,2023-08-13
1185,Samantha,Lozano,samantha.lozano1185@example.com,West,New,2025-06-18
1186,Michael,Smith,michael.smith1186@example.com,Midwest,Loyal,2025-02-12
1187,Brett,Mooney,brett.mooney1187@example.com,Southwest,Loyal,2024-11-01
1188,Todd,Brown,todd.brown1188@example.com,Northeast,New,2025-08-19
1189,Elizabeth,Jones,elizabeth.jones1189@example.com,Northeast,High Value,2024-03-07
1190,Toni,Simmons,toni.simmons1190@example.com,Midwest,Returning,2023-05-30
1191,Jesse,Duran,jesse.duran1191@example.com,Southeast,New,2024-02-18
1192,Meghan,Bennett,meghan.bennett1192@example.com,Northeast,Loyal,2025-04-11
1193,Michael,Cantu,michael.cantu1193@example.com,Northeast,Returning,2024-08-14
1194,Susan,Scott,susan.scott1194@example.com,West,New,2023-06-26
1195,Todd,Smith,todd.smith1195@example.com,Northeast,Returning,2023-06-16
1196,Steven,Clark,steven.clark1196@example.com,Northeast,High Value,2025-03-04
1197,Megan,Long,megan.long1197@example.com,Southeast,Returning,2023-05-23
1198,Michael,Andrews,michael.andrews1198@example.com,Midwest,Loyal,2023-01-20
1199,Jacqueline,Moss,jacqueline.moss1199@example.com,Midwest,High Value,2024-07-24
1200,Laura,Johnson,laura.johnson1200@example.com,West,Returning,2023-06-22
